file,name,promotion_year,promotion_university,years_post_phd,QUARTERLY JOURNAL OF ECONOMICS,AMERICAN ECONOMIC REVIEW,ECONOMETRICA,REVIEW OF ECONOMIC STUDIES,JOURNAL OF POLITICAL ECONOMY,AMERICAN ECONOMIC JOURNAL-MACROECONOMICS,AMERICAN ECONOMIC JOURNAL-APPLIED ECONOMICS,JOURNAL OF THE EUROPEAN ECONOMIC ASSOCIATION,AMERICAN ECONOMIC JOURNAL-ECONOMIC POLICY,THEORETICAL ECONOMICS,AMERICAN ECONOMIC JOURNAL-MICROECONOMICS,QUANTITATIVE ECONOMICS,REVIEW OF ECONOMICS AND STATISTICS,ECONOMIC JOURNAL,INTERNATIONAL ECONOMIC REVIEW,JOURNAL OF ECONOMIC THEORY,JOURNAL OF LABOR ECONOMICS,JOURNAL OF MONETARY ECONOMICS,RAND JOURNAL OF ECONOMICS,JOURNAL OF INTERNATIONAL ECONOMICS,JOURNAL OF PUBLIC ECONOMICS,JOURNAL OF ECONOMETRICS,JOURNAL OF DEVELOPMENT ECONOMICS
Arizona/associate/Mathevet_cv.docx,Laurent Mathevet,2013,New York University,5,0,0,0,0,1,0,0,0,0,2,1,0,0,0,0,1,0,0,0,0,0,0,0
Arizona/associate/Deimen_CV_Nov2025.docx,Inga Deimen,2025,University of Arizona,9,0,1,0,0,0,0,0,0,0,0,0,0,0,0,0,3,0,0,0,0,0,0,0
Arizona/associate/Taylor_CV_Sep25.docx,Evan James Taylor,2023,University of Arizona,6,0,1,0,0,0,0,1,0,0,0,0,1,1,0,0,0,1,0,0,0,0,0,0
Arizona/associate/Stegeman_CV_2022.docx,Mark Stegeman,2000,Virginia Polytechnic Institute and State University,13,0,2,3,0,0,0,0,0,0,0,0,0,0,0,1,1,0,0,1,0,0,0,0
Arizona/full/CVJan2025_Hidehiko Ichimura.docx,Hidehiko Ichimura,1998,University of Pittsburgh,10,0,2,3,2,0,0,0,0,0,0,0,2,0,0,0,0,0,0,0,0,0,4,0
Arizona/full/20220817_cv_wildenbeest.docx,Matthijs R Wildenbeest,2013,Indiana University,6,0,1,0,0,0,0,0,0,0,0,0,0,0,1,0,0,0,0,2,0,0,0,0
Arizona/full/Charles-Noussair-Vitae-June-2025.docx,Charles N. Noussair,1998,Purdue University,5,0,5,1,1,2,0,0,0,0,0,0,0,0,2,2,1,0,0,0,0,1,0,0
Arizona/full/Blume.docx,Andreas Blume,1995,University of Iowa,6,0,2,1,0,0,0,0,0,0,2,0,0,0,0,0,14,0,0,0,0,0,0,0
Arizona/full/Price V. Fishback CV.docx,Price Vanmeter Fishback,1990,University of Arizona,7,1,2,0,0,1,0,0,0,0,0,0,0,2,0,0,0,1,0,0,0,0,0,0
Arizona/full/Powell CV June 2022_0.docx,James L. Powell,1987,University of Wisconsin-Madison,5,0,0,7,1,0,0,0,0,0,0,0,0,0,0,1,0,0,0,0,0,0,15,0
"Arizona/full/Mo, Xiao_CV.docx",Mo Xiao,2012,University of Arizona,9,0,2,0,0,0,0,0,0,0,0,1,0,0,0,0,0,0,0,2,0,0,0,0
Arizona/full/Woutersen CV 2024 3.docx,Tiemen Woutersen,2013,University of Arizona,13,0,0,1,0,0,0,0,0,0,0,0,1,0,0,0,0,0,0,0,0,0,4,0
Arizona/full/lemoine_cv.docx,Derek Lemoine,2017,University of Arizona,6,0,2,0,0,0,1,0,0,1,0,0,0,1,0,0,0,0,0,0,0,0,0,0
Arizona/full/alangerCV_20251211.docx,Ashley Langer,2021,University of Arizona,11,0,1,0,0,1,0,0,0,1,0,0,0,1,0,0,0,0,0,0,0,1,0,0
Arizona State/associate/CV-2.docx,Natalia Kovrijnykh,2016,Arizona State University,8,0,2,0,0,1,0,0,0,0,0,0,0,0,0,1,1,0,0,0,0,0,0,0
Arizona State/associate/CV.docx,Wyatt J. Brooks,2020,University of Notre Dame,8,0,0,0,0,0,0,1,0,0,1,0,0,0,0,1,0,0,1,0,0,0,0,0
Arizona State/associate/CV2023-05.docx,Manjira Datta,2001,Arizona State University,9,0,0,0,0,0,0,0,0,0,0,0,0,0,0,3,1,0,0,0,0,0,0,0
Arizona State/associate/CV_Ferraro.docx,Domenico Ferraro,2023,Arizona State University,9,0,0,0,1,0,1,0,0,0,0,0,0,0,2,0,0,0,0,0,0,0,0,0
Arizona State/associate/cv-3.docx,Alvin D. Murphy,2018,Arizona State University,10,0,1,1,0,0,0,0,0,1,0,0,0,1,0,1,0,0,0,0,0,0,1,0
Arizona State/associate/CV_bishop.docx,Kelly C. Bishop,2013,Arizona State University,5,0,1,0,1,0,0,0,0,0,0,0,0,1,0,0,0,0,1,0,0,0,0,0
Arizona State/associate/cv_kuminoff.docx,Nicolai V. Kuminoff,2016,Arizona State University,10,0,1,0,1,0,0,0,0,0,0,0,0,0,0,2,0,0,0,0,0,0,1,0
Arizona State/associate/CV_current.docx,Galina Vereshchagina,2014,Arizona State University,10,0,2,0,0,0,0,0,0,0,0,0,0,0,0,0,1,0,0,0,0,0,0,0
Arizona State/associate/mizzi_acad_cv_2021.docx,Philip J Mizzi,1993,Arizona State University,9,0,0,0,0,0,0,0,0,0,0,0,0,0,0,0,0,0,0,0,0,0,0,0
Arizona State/full/2104res.docx,Alejandro M. Manelli,1997,Arizona State University,9,0,0,5,0,0,0,0,0,0,0,0,0,0,0,0,8,0,0,0,0,0,0,0
Arizona State/associate/gentry_cv.docx,Matthew L. Gentry,2019,Florida State University,7,0,0,1,1,0,0,0,0,0,0,0,0,0,0,0,0,0,0,0,0,0,1,0
Arizona State/full/CV - Esteban M. Aucejo.docx,Esteban M. Aucejo,2017,Arizona State University,5,0,1,0,0,2,0,0,0,0,0,0,1,1,1,0,0,0,0,0,0,3,0,0
Arizona State/full/May 2023.docx,Jeffrey R. Wilson,1991,Arizona State University,7,0,0,0,0,0,0,0,0,0,0,0,0,0,0,0,0,0,0,0,0,0,0,0
Arizona State/full/Ketcham CV April 2024.docx,Jonathan D. Ketcham,2010,Arizona State University,8,0,3,0,1,0,0,0,0,0,0,0,0,0,0,1,0,0,0,2,0,0,1,0
Arizona State/full/WMH CV 6-19.docx,W. Michael Hanemann,1984,University of California at Berkeley,6,0,4,1,0,0,0,0,0,0,0,0,0,2,0,0,0,0,0,0,0,0,0,0
Arizona State/full/RAJNISH-MEHRA-Vita-Aug-2025.docx,Rajnish Mehra,1985,Columbia University,7,1,0,1,1,0,0,0,0,0,0,0,3,0,0,1,1,0,2,0,0,0,0,0
Arizona State/full/ahn_vita_2021_02_22.docx,Seung Chan Ahn,1997,Arizona State University,7,0,0,1,0,0,0,0,0,0,0,0,0,0,0,0,0,0,0,0,0,0,3,0
Arizona State/full/cv2022_.01.docx,Edward E. Schlee,1994,Arizona State University,6,0,2,0,0,0,0,0,1,0,1,0,0,0,1,3,4,0,0,1,0,0,0,0
Arizona State/full/cv-july2025.docx,Gustavo Ventura,2007,University of Iowa,10,0,1,1,2,0,0,0,0,0,0,0,0,0,0,1,0,0,7,0,0,0,0,0
Arizona State/full/cv.docx,Hector Chade,2003,Arizona State University,6,0,1,2,3,0,0,0,0,0,3,0,0,0,0,1,5,0,0,1,0,0,0,0
Boston College/associate/CV_Edson_Severnini_Sep_2025.docx,Edson R. Severnini,2023,Carnegie Mellon University,10,0,1,0,0,0,0,0,0,0,0,0,0,2,1,0,0,0,0,0,0,1,0,1
Boston College/associate/Farrokhi_CV.docx,Farid Farrokhi,2024,Boston College,8,0,0,0,0,1,0,0,0,0,0,0,0,0,0,1,0,0,0,0,2,0,0,0
Boston College/associate/cv.docx,Robert Ulbricht,2023,Boston College,10,0,0,0,1,1,1,0,0,0,1,0,0,0,0,0,1,0,0,0,0,0,0,0
Boston College/associate/MichaelDGrubb_CV.docx,Michael D. Grubb,2016,Boston College,9,0,2,0,1,0,0,0,0,0,0,0,0,0,0,0,0,0,0,0,0,0,0,0
Boston College/associate/cv_nosal2.docx,Jaromir B. Nosal,2023,Boston College,15,0,1,0,1,0,1,0,0,0,0,0,0,0,0,0,0,0,3,0,0,0,0,0
Boston College/associate/rlsweeney_cv.docx,Richard L. Sweeney,2023,Boston College,8,0,1,0,0,0,0,0,0,0,0,0,0,1,0,0,0,0,0,0,0,0,0,0
Boston College/full/Basu_CV.docx,Susanto Basu,1998,University of Michigan,6,2,2,2,0,1,1,0,1,0,0,0,0,0,0,0,0,0,1,0,0,0,0,0
Boston College/full/Baum_CV.docx,Christopher F. Baum,1983,Boston College,6,0,0,0,0,1,0,0,0,0,0,0,0,0,0,0,0,0,1,0,2,0,1,1
Boston College/full/Anderson_CV.docx,James E. Anderson,,,,0,7,1,3,1,0,0,0,0,1,0,0,3,2,6,0,0,0,0,14,1,0,2
Boston College/full/CV Murphy January 2024.docx,Robert G. Murphy,1990,Boston College,6,0,0,0,0,0,0,0,0,0,0,0,0,0,0,0,0,0,0,0,1,0,0,0
Boston College/full/CV-Papageorgiou.docx,Theodore Papageorgiou,2022,Boston College,14,1,0,1,1,0,1,0,0,0,0,0,0,0,0,0,1,0,0,0,0,0,0,0
Boston College/full/Deb_CV.docx,Rahul Deb,2017,University of Toronto,7,0,1,2,2,0,0,0,0,0,2,1,0,0,0,0,2,0,0,0,0,1,0,1
Boston College/full/CV_lewbel.docx,Arthur Lewbel,,,,1,4,7,4,4,0,0,0,0,0,0,2,4,2,4,1,0,0,0,0,2,16,0
Boston College/full/Quinn_CV.docx,Joseph F. Quinn,1980,Boston College,5,0,1,0,0,0,0,0,0,0,0,0,0,0,0,0,0,0,0,0,0,0,0,0
Boston College/full/Xiao_CV.docx,Zhijie Xiao,2002,University of Illinois at Urbana-Champaign,5,0,0,1,0,0,0,0,0,0,0,0,0,0,0,0,0,0,0,0,0,0,12,0
Boston College/full/Guerron_CV.docx,Pablo A. Guerron,2016,Boston College,10,0,2,0,0,0,1,0,0,0,0,0,2,0,0,1,0,0,3,0,1,0,2,0
Boston College/full/Segal_CV.docx,Uzi Segal,1990,University of Toronto,6,0,2,3,0,2,0,0,0,0,2,1,0,0,1,3,10,0,0,0,0,0,0,0
Boston College/full/TayfunSonmez-cv-January2025.docx,Tayfun Sönmez,,,,1,8,6,0,2,0,0,0,0,1,1,0,1,0,1,10,0,0,0,0,1,0,0
Boston College/full/cox.cv.docx,Donald Cox,1987,Boston College,7,1,0,0,0,1,0,0,0,0,0,0,0,4,0,0,0,0,0,0,0,3,0,2
Boston College/full/ekmekci-cv-2023-Jan.docx,Mehmet Ekmekci,2013,University of Pittsburgh,7,0,2,2,3,0,0,0,0,0,2,1,0,0,0,0,6,0,0,0,0,0,0,0
Boston College/full/cvposta.docx,Hideo Konishi,1999,Southern Methodist University,5,0,0,0,0,0,0,0,0,0,1,0,0,0,0,1,7,0,0,0,2,2,0,0
Boston College/full/ireland.cv.docx,Peter N. Ireland,1998,Boston College,7,0,2,0,0,1,0,0,1,0,0,0,0,1,0,2,0,0,6,0,0,0,1,0
Boston College/full/uunvercv.docx,M. Utku Ünver,2008,Boston College,8,1,2,2,1,1,0,0,0,0,3,0,0,0,0,1,4,0,0,1,0,0,0,0
Boston College/full/schiantarelli_cv__2024_01.docx,Fabio Schiantarelli,1992,Boston College,11,0,2,0,0,0,0,0,3,0,0,0,0,4,3,2,0,0,1,0,0,1,1,2
Boston College/full/vita24public.docx,Shakeeb Khan,2002,University of Rochester,5,0,0,3,0,0,0,0,0,0,0,0,2,0,0,1,0,0,0,0,0,1,14,1
Brandeis/associate/LHuillierCVShort.docx,Jean-Paul L'Huillier,2022,Brandeis University,12,0,1,0,1,0,1,0,0,0,0,0,0,0,1,0,0,0,1,0,1,0,0,0
Brandeis/associate/Sloczynski_CV.docx,Tymon Słoczyński,2025,Brandeis University,11,0,0,0,0,0,0,0,0,0,0,0,0,1,1,0,0,0,0,0,0,0,0,0
Brandeis/associate/Shiller_CV.docx,Benjamin R. Shiller,2022,Brandeis University,11,0,0,0,0,0,0,0,0,0,0,0,0,0,0,1,0,0,0,1,0,0,0,0
Brandeis/full/CV_Menon_July2025.docx,Nidhiya Menon,2009,Brandeis University,8,0,0,0,0,0,0,0,0,0,1,0,0,0,0,0,0,0,0,0,0,0,0,1
Brandeis/full/Kathryn_cv.docx,Kathryn Graddy,2007,Brandeis University,14,0,1,0,1,0,0,0,0,0,0,0,0,0,0,0,0,0,0,2,0,0,0,0
Brandeis/full/RaphaelSchoenle_CV.docx,Raphael S. Schoenle,2017,Brandeis University,7,0,1,0,0,0,0,0,0,0,0,0,0,0,0,0,0,0,7,0,1,0,0,0
Brandeis/full/brainerd_cv_oct2023.docx,Elizabeth Brainerd,2002,Williams College,6,0,1,0,0,0,0,0,0,0,0,0,0,1,0,0,0,0,0,0,0,0,0,1
Brandeis/full/gjh_cv_03_2025.docx,George J. Hall,2002,Yale University,6,1,0,0,0,1,1,0,0,0,0,0,0,0,0,0,0,0,4,1,0,0,1,0
CUNY/associate/Arroyo_Abad_CV_2025-01-full.docx,Leticia Arroyo Abad,2016,Middlebury College,7,0,0,0,0,0,0,0,0,0,0,0,0,0,0,0,0,0,0,0,0,0,0,0
CUNY/associate/Baek_CV_and_Cover_Letter_06022025.docx,Seungho Baek,2021,Brooklyn College of the City University of New York,8,0,0,0,0,0,0,0,0,0,0,0,0,0,0,0,0,0,0,0,0,0,0,0
CUNY/associate/Bryan-S-Weber-cv.docx,Bryan S. Weber,2023,College of Staten Island - City University of New York,8,0,0,0,0,0,0,0,0,0,0,0,0,0,0,0,0,0,0,0,0,0,0,0
CUNY/associate/CV-Kshankar2023.docx,Kameshwari Shankar,2017,City College of New York,11,0,0,0,0,0,0,0,0,0,0,0,0,0,0,0,0,0,0,0,0,0,0,0
CUNY/associate/KB-CV-2024-07-short.docx,Karna Basu,2009,"Hunter College, City University of New York",3,0,0,0,0,0,0,0,0,0,0,1,0,0,0,0,0,0,0,0,0,0,0,2
CUNY/associate/Conning_CV_2021.docx,Jonathan H. Conning,2007,"Hunter College, City University of New York",11,0,0,0,0,0,0,0,0,0,0,0,0,0,0,0,0,0,0,0,1,0,0,2
CUNY/associate/Jessica-Van-Parys-CV.docx,Jessica Van Parys,2023,Hunter College,8,0,0,0,0,0,0,0,0,0,0,0,0,0,0,0,0,0,0,0,0,0,0,0
CUNY/associate/Lisa-George-CV-Short-2016_2.docx,Lisa M. George,2010,"Hunter College and the Graduate Center, City University of New York",9,0,0,0,0,0,0,0,0,0,0,0,0,0,0,0,0,0,0,0,0,0,0,0
CUNY/associate/McLaughlin-CV-2022-12.docx,Kenneth J. McLaughlin,1995,Hunter College of the City University of New York,8,0,0,0,0,1,0,0,0,0,0,0,0,0,0,0,0,3,2,0,0,0,0,0
CUNY/associate/Nixvitae23revised.docx,Joan Nix,1995,Queens College,6,0,0,0,0,0,0,0,0,0,0,0,0,0,0,0,0,0,0,0,0,0,0,0
CUNY/associate/Nyman-CV-2017-02.docx,Ingmar Nyman,2008,Hunter College,12,0,0,0,0,0,0,0,0,0,0,0,0,0,0,0,0,0,0,1,0,0,0,0
CUNY/full/CV timothyjgoodspeed.docx,Timothy J. Goodspeed,1994,Hunter College of the City University of New York,8,0,0,0,0,0,0,0,0,0,0,0,0,0,0,0,0,0,0,0,0,2,0,0
CUNY/associate/cv2022_pratap.docx,Sangeeta Pratap,2006,"Hunter College and Graduate Center, City University of New York",8,0,1,0,0,0,0,0,0,0,0,0,0,0,0,0,0,0,1,0,0,0,0,1
CUNY/full/CVZadiaFelicianoJanuary2025.docx,Zadia M. Feliciano,2003,"Queens College, City University of New York",8,0,0,0,0,0,0,0,0,0,0,0,0,0,0,0,0,1,0,0,0,0,0,0
CUNY/full/CV_DE_2025_Feb_acad.docx,Prabal K. De,2016,City College of New York,8,0,0,0,0,0,0,0,0,0,0,0,0,0,0,0,0,0,0,0,0,0,0,0
CUNY/full/Deborah-Balk-CV-Dec2022.docx,Deborah L. Balk,2010,"Baruch College, City University of New York",19,0,0,0,0,0,0,0,0,0,0,0,0,0,0,0,0,0,0,0,0,0,0,0
CUNY/full/Frank-Heiland-CV.docx,Frank W. Heiland,2012,Baruch College,10,0,0,0,0,0,0,0,0,0,0,0,0,0,0,0,0,0,0,0,0,0,0,0
CUNY/full/Chow_cv.docx,Peter C.Y. Chow,1981,Berry College,,0,0,0,0,0,0,0,0,0,0,0,0,1,0,0,0,0,0,0,0,0,0,2
CUNY/full/Devereux_November 2021.docx,John Devereux,1995,University of Miami,6,0,1,0,0,0,0,0,0,0,0,0,0,1,0,0,0,0,0,0,0,0,0,3
CUNY/full/JoyceCV_4_17.docx,Theodore Joyce,1990,"Baruch College, City University of New York",5,0,0,0,0,1,0,1,0,0,0,0,0,2,0,0,0,0,0,0,0,0,0,0
CUNY/full/George-Vachadze-CV.docx,George Vachadze,2016,"College of Staten Island, City University of New York",17,0,0,0,0,0,0,0,0,0,0,0,0,0,0,0,1,0,0,0,0,0,0,0
CUNY/full/Liuren_Wu_CV.docx,Liuren Wu,2003,Baruch College,9,0,0,0,0,0,0,0,0,0,0,0,0,0,0,0,0,0,1,0,0,0,2,0
CUNY/full/Rodriguez_Planas_CV_Oct_2025.docx,Núria Rodríguez-Planas,2014,City University of New York,15,0,1,0,0,0,0,1,0,0,0,0,0,0,0,0,0,1,0,0,0,2,0,0
CUNY/full/Lilia-Maliar-CV.docx,Lilia Maliar,,,,0,0,1,0,0,0,0,0,0,0,0,4,0,0,0,0,0,1,0,0,0,0,0
CUNY/full/Roff-CV.docx,Jennifer Louise Roff,2014,"Queens College, City University of New York",10,0,0,0,0,0,0,0,0,0,0,0,0,0,0,1,0,0,0,0,0,0,0,0
CUNY/full/Matthew-Nagler-CV.docx,M. Nagler,2008,City College of New York,15,0,0,0,0,1,0,0,0,0,0,0,0,0,0,0,0,0,0,0,0,1,0,0
CUNY/full/Sebastiano-Manzan-CV-2023.docx,Sebastiano Manzan,2015,Baruch College,12,0,0,0,0,0,0,0,0,0,0,0,0,0,0,0,0,0,0,0,0,0,0,0
CUNY/full/Schwartz-CV.docx,Robert A Schwartz,1970,New York University,4,0,1,0,0,2,0,0,0,0,0,0,0,1,0,0,0,0,0,0,0,0,0,0
CUNY/full/YehudaLKlein.docx,Yehuda L. Klein,1994,"Brooklyn College, City University of New York",9,0,0,0,0,0,0,0,0,0,0,0,0,0,0,0,0,0,0,0,0,1,0,0
CUNY/full/cv-Haeringer.docx,Guillaume Haeringer,2009,Universitat Autonoma de Barcelona,9,0,1,0,0,0,0,0,0,0,0,1,0,0,0,0,7,0,0,0,0,0,0,0
CUNY/full/belfield-cv.docx,Clive R. Belfield,,"Queens College, City University of New York",,0,0,0,0,0,0,0,0,0,0,0,0,0,1,0,0,0,0,0,0,0,0,0
CUNY/full/corak-cv-january-2019.docx,Miles Corak,1999,Statistics Canada,3,0,0,0,0,0,0,0,0,0,0,0,0,1,0,0,0,2,0,0,0,0,0,0
CUNY/full/cv-deb.docx,Partha Deb,,,,0,0,0,0,0,0,0,0,0,0,0,0,0,0,0,0,0,0,0,0,0,0,0
CUNY/full/cv_linpeng.docx,Lin Peng,2008,"Baruch College, City University of New York",6,0,1,0,0,0,0,0,0,0,0,0,0,0,0,0,0,0,0,0,0,0,0,0
CUNY/full/cv_ortega250709.docx,Francesc Ortega,2010,Universitat Pompeu Fabra,6,0,0,0,0,0,0,0,1,0,0,0,0,0,0,0,0,0,0,0,1,1,0,1
CUNY/full/cv_penaranda.docx,Francisco Peñaranda,2015,Queens College,12,0,0,0,0,0,0,0,0,0,0,0,0,1,0,1,0,0,0,0,0,0,1,0
CUNY/full/white_cv.docx,Mark D. White,2006,College of Staten Island/City University of New York,9,0,0,0,0,0,0,0,0,0,0,0,0,0,0,0,0,0,0,0,0,0,0,0
CUNY/full/merih-uctum-cv.docx,Merih Uctum,1996,"The Graduate Center and Brooklyn College, City University of New York",,0,0,0,0,0,0,0,0,0,0,0,0,0,0,0,0,0,1,0,0,0,0,0
Claremont/associate/Joshua_CV2024-11-11.docx,Joshua Tasoff,2016,Claremont Graduate University,6,0,0,0,0,0,0,0,1,0,0,1,0,0,0,0,0,0,0,0,0,0,0,0
Claremont/associate/DeAngelo_CV.docx,Gregory J. DeAngelo,2018,Claremont Graduate University,,0,0,0,0,0,0,0,0,1,0,0,0,0,0,0,0,0,0,0,0,0,0,0
Claremont/full/Capra-Shortvita-012024.docx,C. Mónica Capra,2010,Emory University,11,0,0,0,0,0,0,0,0,0,0,0,0,0,0,0,0,0,0,0,0,0,0,0
Claremont/full/Robert-Klitgaard-CV-July-2023.docx,Robert Klitgaard,1977,Harvard University,,0,0,0,0,0,0,0,0,0,0,0,0,0,0,0,0,0,0,0,0,0,0,0
Colorado Boulder/associate/CV Yangwei Song.docx,Yangwei Song,2025,University of Colorado Boulder,8,0,0,1,0,0,0,0,0,0,0,0,0,0,0,0,2,0,0,0,0,0,0,0
Colorado Boulder/associate/CV_2024_July_Nigai.docx,Sergey Nigai,2024,University of Colorado Boulder,12,0,1,0,0,0,0,0,0,1,0,0,0,0,1,1,0,0,0,0,3,0,0,0
Colorado Boulder/associate/CV_Carballo.docx,Jeronimo Carballo,,,,0,0,0,0,0,0,0,0,0,0,0,0,0,0,0,0,0,0,0,3,0,0,2
Colorado Boulder/associate/CV_Peri.docx,Alessandro Peri,2025,University of Colorado Boulder,9,0,0,0,0,0,0,0,0,0,0,0,1,1,2,0,0,0,0,0,0,0,0,0
Colorado Boulder/associate/CV_jaworski.docx,Taylor Jaworski,2021,"University of Colorado, Boulder",,0,0,0,0,0,0,0,0,0,0,0,0,1,1,2,0,0,0,0,0,0,0,0
Colorado Boulder/associate/CV_Barham_2024.docx,Tania Barham,2014,University of Colorado Boulder,9,0,1,0,0,0,0,2,0,0,0,0,0,0,0,0,0,0,0,0,0,0,0,2
Colorado Boulder/associate/Hughes CV November 2025.docx,Jonathan Edward Hughes,2017,University of Colorado Boulder,8,0,0,0,0,0,0,0,0,2,0,0,0,1,0,0,0,0,0,0,0,0,0,0
Colorado Boulder/associate/McCloskey_CV-6f82972.docx,Adam McCloskey,2023,University of Colorado,12,1,0,0,0,0,0,0,0,0,0,0,1,1,0,0,0,0,0,0,0,0,2,0
Colorado Boulder/associate/cv_cadena.docx,Brian C. Cadena,2016,University of Colorado Boulder,8,0,0,0,0,0,0,1,0,1,0,0,0,1,0,0,0,1,0,0,1,1,0,0
Colorado Boulder/associate/east_cv.docx,Chloe N. East,2023,University of Colorado Denver,7,0,1,0,0,0,0,0,0,0,0,0,0,0,0,0,0,1,0,0,0,2,0,0
Colorado Boulder/full/CV Carol H Shiue long Sept_2025.docx,Carol H. Shiue,2005,University of Colorado,6,0,2,0,0,0,0,1,0,0,0,0,0,0,0,0,0,0,0,0,0,0,1,0
Colorado Boulder/full/Antman_CV.docx,Francisca M. Antman,2016,University of Colorado Boulder,9,0,3,0,0,0,0,0,1,0,0,0,0,2,0,0,0,0,0,0,0,0,0,2
Colorado Boulder/full/WK CV April 2025.docx,Wolfgang Keller,2003,University of Texas-Austin,8,0,3,0,1,1,0,1,0,0,0,0,0,2,0,0,0,0,1,0,4,0,1,2
Colorado Boulder/full/Xiaodong_Liu_CV.docx,Xiaodong Liu,2015,University of Colorado Boulder,8,0,0,0,0,0,0,0,0,0,0,0,0,2,0,0,0,0,0,1,0,0,9,0
Colorado Boulder/full/carlos_cv.docx,Carlos Brunet Martins-Filho,,,,0,0,0,0,0,0,0,0,0,0,0,0,0,0,1,0,0,0,0,0,0,4,0
Colorado Boulder/full/chen_cv_2021_0.docx,Yongmin Chen,2001,University of Colorado Boulder,9,0,0,0,0,0,0,0,1,0,0,2,0,1,3,5,0,0,0,10,2,1,0,1
Colorado Boulder/full/cv_kaffine.docx,Daniel Thomas Kaffine,2013,Colorado School of Mines,6,0,0,0,0,0,0,1,0,3,0,0,0,1,0,0,0,0,0,0,0,0,0,0
Colorado Boulder/full/iyiguncv.docx,Murat Iyigun,2005,University of Colorado,10,1,2,0,1,0,0,0,0,0,0,0,0,0,2,1,0,0,0,0,1,0,0,2
Colorado Boulder/full/cv_savage.docx,Scott J. Savage,2009,"University of Colorado, Boulder",9,0,0,0,0,0,0,0,0,0,0,0,0,2,0,0,0,0,0,0,0,0,0,0
Colorado Boulder/full/zax_cv.docx,Jeffrey S. Zax,1989,City University of New York,5,0,1,0,0,0,0,0,0,0,0,0,0,1,1,0,0,2,0,0,0,1,0,0
Colorado Boulder/full/miles kimball CV 2021 03 06.docx,Miles Kimball,1993,University of Michigan,6,1,9,3,0,1,0,0,0,0,0,0,0,0,0,1,0,0,2,0,0,0,0,0
Emory/associate/CV.docx,Maria Arbatskaya,,,,0,0,0,0,0,0,0,0,0,0,0,0,0,0,0,1,0,0,1,0,0,0,0
Emory/associate/CV Sep 2024.docx,Sue H. Mialon,2015,Emory University,,0,0,0,0,0,0,0,0,0,0,1,0,0,0,0,0,0,0,0,0,2,0,0
Emory/associate/CV_Fang.docx,Zheng Fang,2023,Emory University,8,0,0,2,1,0,0,0,0,0,0,0,1,0,0,0,0,0,0,0,0,0,1,0
Emory/associate/CV_Florian_Gunsilius.docx,Florian Gunsilius,2024,Emory University,5,0,0,1,0,0,0,0,0,0,0,0,0,0,0,0,0,0,0,0,0,0,1,0
Emory/associate/CV_Karbownik_August_2025.docx,Krzysztof Karbownik,2024,Emory University,11,0,3,0,0,0,0,1,0,1,0,0,0,0,2,0,0,2,0,0,0,0,0,0
Emory/associate/LindCV.docx,Nelson Lind,,,,0,2,0,0,0,0,0,0,0,0,0,0,0,0,0,0,0,0,0,0,0,0,0
Emory/associate/MatthewGrennan_CV_Aug 2025.docx,Matthew Grennan,2021,"University of California, Berkeley",11,0,2,0,1,1,0,0,0,0,0,0,0,0,0,0,0,0,0,1,0,0,0,0
Emory/associate/OConnell_CV.docx,Stephen D. O'Connell,2022,Emory University,6,0,1,0,0,1,0,0,0,0,0,0,0,1,0,0,0,0,0,0,0,0,0,3
Emory/associate/cv-2.docx,Pedro H. C. Sant'Anna,2023,Emory University,8,0,0,1,0,1,0,0,0,0,0,0,0,0,0,0,0,0,0,0,0,0,5,0
Emory/associate/mccarthy_cv.docx,Ian McCarthy,2020,Emory University,12,0,0,0,0,0,0,0,0,0,0,0,0,0,0,0,0,1,0,0,0,0,0,0
Emory/full/CV_KaijiChen.docx,Kaiji Chen,2016,Emory University,11,0,2,0,0,0,1,0,0,0,2,0,0,0,0,0,0,0,2,0,0,0,0,0
Emory/full/CV_Maasoumi August 2024.docx,Esfandiar Maasoumi,1982,Indiana University,5,0,1,2,2,2,0,0,0,0,0,0,0,1,0,0,0,0,0,0,0,0,17,0
Emory/full/CV_Sep2024.docx,Kyungmin Kim,2016,University of Iowa,7,0,0,2,1,1,0,0,0,0,1,1,0,0,0,2,1,0,0,2,0,0,0,0
Emory/full/CV_YUE2024.docx,Vivian Zhanwei Yue,2014,Emory University,9,1,1,0,0,0,0,0,0,0,0,0,0,0,0,0,0,0,0,0,3,0,1,0
Emory/full/ResumeSept23.docx,Stefan Hoderlein,2008,Brown University,6,0,0,2,1,0,0,0,0,0,0,0,1,1,0,0,0,0,0,0,0,0,14,0
Emory/full/Rubio-Ramirez-CV.docx,Juan F. Rubio-Ramírez,2006,Duke University,5,0,4,2,3,0,1,0,0,0,0,0,2,0,0,0,0,0,5,0,1,0,4,0
Emory/full/alexisakira_toda_CV.docx,Alexis Akira Toda,2019,University of California San Diego,6,0,0,1,0,2,0,0,0,0,1,0,2,0,0,0,7,0,1,0,0,0,1,0
Emory/full/cv.docx,Elena Pesavento,2007,Emory University,7,0,0,0,0,0,0,0,0,0,0,0,0,0,0,0,0,0,0,0,0,0,2,0
Emory/full/engCV2.docx,David T. Jacho-Chavez,2013,Emory University,7,0,1,0,0,0,0,0,0,0,0,0,1,0,0,0,0,0,0,0,0,0,2,0
Emory/full/google_vitae.docx,In-Koo Cho,1992,University of Chicago,6,1,1,1,4,0,0,0,0,0,1,0,0,0,0,1,6,0,0,1,0,0,0,0
Emory/full/web_cv_markowitz_7_25.docx,Sara J. Markowitz,2005,Rutgers University,7,0,0,0,0,0,0,0,0,1,0,0,0,0,0,0,0,0,0,0,0,0,0,0
Emory/full/vita.docx,Hugo M. Mialon,2010,Emory University,6,0,1,0,0,0,0,0,0,0,0,1,0,0,0,0,1,0,0,1,0,2,0,0
Emory/full/vitae_zha.docx,Tao Zha,2009,Emory University,17,0,4,2,1,1,0,0,0,0,0,0,2,1,1,3,2,0,4,0,0,0,5,0
Florida/full/CV-Chatterjee.docx,Santanu Chatterjee,2007,University of Georgia,6,0,0,0,0,0,0,0,0,0,0,0,0,0,0,0,0,0,0,0,1,0,0,3
Florida/full/Roger_CV_March_2024.docx,Roger D. Blair,1974,University of Florida,6,1,2,0,0,0,0,0,0,0,0,0,0,3,0,1,0,0,0,0,0,0,1,0
Florida/full/Dinopoulos-CV-2025-3.docx,Elias Dinopoulos,1988,University of Florida,3,0,4,0,0,0,0,0,0,0,0,0,0,1,0,0,0,1,1,0,10,0,0,2
Florida/full/RomanoVitaeFeb2025.docx,Richard E. Romano,1995,University of Florida,12,2,2,1,1,1,0,0,0,0,0,1,0,0,1,3,1,0,0,3,0,10,0,0
Florida/full/Rush-CV-2024.docx,Mark Rush,1986,University of Florida,4,0,0,0,0,1,0,0,0,0,0,0,0,1,1,0,0,1,6,0,0,0,0,0
Florida/full/SLUTSKY-CV-2021.docx,Steven M. Slutsky,1980,Tulane University,5,1,0,1,1,0,0,0,0,0,0,0,0,0,1,0,4,0,0,0,0,5,0,0
Florida/full/vitjan-26-Terza.docx,Joseph V. Terza,1986,University of Georgia,5,0,1,0,0,0,0,0,0,0,0,0,0,3,0,0,0,0,0,0,0,0,2,0
GWU/associate/bdwilliams_cv_112224.docx,Benjamin D. Williams,2020,George Washington University,8,0,0,0,0,0,0,0,0,0,0,0,1,0,0,0,0,0,0,0,0,0,1,0
GWU/full/Academic CV - Vonortas.docx,Nicholas S. Vonortas,1996,George Washington University,7,0,0,0,0,0,0,0,0,0,0,0,0,0,0,0,0,0,0,0,0,0,0,0
GWU/associate/gwuresume_ChaoWei_Apr2024.docx,Chao Wei,2010,George Washington University,9,0,1,0,0,0,0,0,0,0,0,0,0,0,0,1,0,0,0,0,0,0,0,0
GWU/associate/kukacv.docx,Elira Kuka,2023,George Washington University,8,0,2,0,0,0,0,0,0,2,0,0,0,1,0,0,0,0,0,0,0,1,0,0
GWU/full/CV Remi Jedwab 11132025 web.docx,Remi C. Jedwab,2016,George Washington University,4,0,1,0,0,0,2,0,1,0,0,0,0,1,1,0,0,0,0,0,0,0,0,0
GWU/full/Academic_CV_ Pelzman_September _2019 - Joseph Pelzman.docx,Joseph Pelzman,1980,George Washington University,4,0,1,0,0,1,0,0,0,0,0,0,0,0,0,0,0,0,0,0,0,0,0,0
GWU/full/CarrilloCurrentCV.docx,Paul E. Carrillo,2013,George Washington University,7,1,0,0,0,0,0,1,0,0,0,0,0,1,0,1,0,0,0,0,0,2,0,1
GWU/full/JayShambaughCV-2-22.docx,Jay C. Shambaugh,2008,Dartmouth College,6,1,2,0,0,0,2,0,0,1,0,0,0,1,0,0,0,0,0,0,5,0,0,0
"GWU/full/Robert F. Phillips, GWU.docx",Robert F. Phillips,1991,George Washington University,6,0,0,0,0,0,0,0,0,0,0,0,0,0,0,1,0,0,0,0,0,0,2,0
GWU/full/Kaminsky-CV.docx,Graciela Laura Kaminsky,,,,0,3,0,0,0,0,0,1,0,0,0,0,0,0,0,0,0,2,0,3,0,0,5
GWU/full/Stephen Smith CV.docx,Stephen C. Smith,,,,1,0,0,0,0,0,0,0,0,0,0,0,1,1,0,0,0,0,0,0,0,0,0
GWU/full/chris_sleet_cv.docx,Christopher Sleet,2013,Carnegie Mellon University,15,0,2,2,3,0,0,0,0,0,0,0,0,0,0,0,3,0,2,0,0,0,0,0
GWU/full/sinclair_cv.docx,Tara M. Sinclair,2011,The George Washington University,6,0,0,0,0,0,0,0,0,0,0,0,0,0,0,0,0,0,1,0,0,0,0,0
GWU/full/cv_chen.docx,Maggie Xiaoyang Chen,,,,0,0,0,0,0,0,1,0,2,0,0,0,1,0,0,0,0,0,0,3,0,0,1
GWU/full/samaniegocv.docx,Roberto Samaniego,2007,George Washington University,6,0,1,0,0,0,0,0,0,0,0,0,0,0,0,0,0,0,2,0,0,0,0,0
Georgetown/associate/Alexpoirier_CV 2.docx,Alexandre Poirier,2022,Georgetown University,9,0,0,2,0,0,0,0,0,0,0,0,1,0,0,0,0,0,0,0,0,0,3,0
Georgetown/full/AndersonCV.docx,Axel Z. Anderson,2010,Georgetown University,8,0,2,1,1,0,0,0,0,0,0,0,0,0,0,2,2,0,0,1,0,0,0,0
Georgetown/associate/CVDanCaoMay2024.docx,Dan Cao,2018,Georgetown University,8,0,0,1,0,0,2,0,0,0,0,2,0,0,1,0,3,0,2,0,0,0,0,0
Georgetown/full/CPCVita.docx,Christopher P. Chambers,2006,California Institute of Technology,3,0,1,4,0,1,0,0,1,0,5,6,0,0,1,1,13,0,0,1,0,0,0,0
Georgetown/full/CV 23.docx,Francis Vella,1997,Rutgers University,7,0,0,1,1,0,0,0,0,0,0,0,1,3,0,1,0,1,0,0,0,0,7,0
Georgetown/full/CvGenicot.docx,Garance Genicot,2007,Georgetown University,8,0,2,1,1,1,0,1,2,0,0,0,0,0,1,0,2,0,0,0,0,0,0,3
Georgetown/full/CV_GU_251020.docx,Ivana Komunjer,2009,University of California San Diego,7,0,0,2,3,0,0,0,1,0,0,0,0,1,0,0,0,0,0,0,0,0,4,0
Georgetown/full/CV_LB_April2025.docx,Laurent Bouton,2017,Georgetown University,8,0,1,1,1,1,0,0,2,0,1,0,0,1,2,0,0,0,0,0,0,1,0,0
Georgetown/full/Mayda CV.docx,Anna Maria Mayda,2009,Georgetown University,6,1,0,0,0,0,0,1,0,0,0,0,0,3,0,0,0,0,0,0,4,0,0,1
Georgetown/full/Renee Bowen CV 02202025.docx,T. Renee Bowen,2017,"University of California, San Diego",9,2,1,0,0,0,0,0,0,0,0,2,0,0,0,1,2,0,0,0,0,1,0,0
Georgetown/full/Rodney D. Ludema - Curriculum Vitae.docx,Rodney D. Ludema,2001,Georgetown University,11,1,0,0,0,0,0,0,0,0,0,0,0,1,0,1,0,0,0,0,4,1,0,1
Georgetown/full/SchwartzCV-Sept2025.docx,Marius Schwartz,1987,Georgetown University,5,1,5,0,0,0,0,0,0,0,0,0,0,0,0,0,0,0,0,3,1,0,0,0
Georgetown/full/Roger Lagunoff - CV.docx,Roger Lagunoff,1999,Georgetown University,10,0,1,2,4,0,0,0,0,0,0,2,0,0,0,4,3,0,0,0,1,3,0,0
Georgetown/full/miller-vita.docx,Nathan H. Miller,2017,Georgetown University,9,0,2,1,0,1,0,0,0,0,0,2,0,1,0,0,0,0,0,3,0,0,0,0
Georgetown/full/VITAE.docx,Behzad T. Diba,1988,Georgetown University,4,1,2,0,0,0,1,0,0,0,0,0,0,1,3,0,0,0,5,0,3,1,0,0
Georgetown/full/VITA.docx,Mark Huggett,1999,Georgetown University,8,0,1,0,1,1,0,0,0,0,0,0,0,0,1,0,1,0,7,0,0,0,0,0
Georgetown/full/cv.docx,Toshihiko Mukoyama,,,,0,1,0,1,0,2,0,0,0,2,0,1,0,0,0,2,0,5,0,0,0,0,0
Georgetown/full/vita-2.docx,Arik Levinson,2000,Georgetown University,7,0,2,0,0,0,0,0,0,1,0,0,0,4,0,1,0,0,0,0,0,4,0,0
Georgetown/full/mv_04_25.docx,Nuno Limao,,,,0,3,0,1,0,0,0,0,2,0,1,0,0,1,1,0,0,0,0,11,1,0,0
Georgetown/full/vitashort.docx,Ian Gale,1997,Georgetown University,11,0,4,0,1,0,0,0,0,0,1,0,0,0,0,1,1,0,0,0,0,0,0,0
Georgia/associate/Callaway-CV-3.docx,Brantly Callaway,2023,University of Georgia,7,0,0,0,0,0,0,0,0,0,0,0,1,1,0,0,0,0,0,0,0,0,5,0
Georgia/associate/James Berry CV latest.docx,James W. Berry,2019,University of Delaware,10,0,1,0,0,1,0,1,0,0,0,0,0,0,0,0,0,0,0,0,0,1,0,3
Georgia/associate/Liebman_CV.docx,Eli Liebman,,,,0,0,0,0,0,0,0,0,1,0,0,0,0,0,0,0,0,0,0,0,0,0,0
Georgia/associate/Vitae_Lin_2026.docx,Zhongjian Lin,2025,University of Georgia,11,0,0,0,0,0,0,0,0,0,0,0,0,0,0,0,0,0,0,0,0,0,4,0
Georgia/associate/RoozbehHosseini_CV.docx,Roozbeh Hosseini,2020,University of Georgia,12,0,0,1,0,1,0,0,0,0,0,0,0,0,0,0,1,0,0,0,0,0,0,0
Georgia/associate/Zimmermann_cv.docx,Laura V. Zimmermann,2021,University of Georgia,7,0,0,0,0,0,0,0,0,0,0,0,0,1,0,0,0,0,0,0,0,1,0,1
Georgia/associate/cv2024_Pashchenko.docx,Svetlana Pashchenko,2021,University of Georgia,10,0,0,0,0,0,0,0,0,1,0,0,0,0,0,2,0,0,0,0,0,1,0,0
Georgia/full/CV-Chatterjee.docx,Santanu Chatterjee,2007,University of Georgia,6,0,0,0,0,0,0,0,0,0,0,0,0,0,0,0,0,0,0,0,1,0,0,3
Georgia/associate/gregorio_caetano_cv.docx,Gregorio Caetano,2022,University of Georgia,13,0,0,0,0,0,0,0,0,0,0,0,1,0,0,0,0,0,0,0,0,2,0,0
Georgia/associate/newberry_cv.docx,Peter William Newberry,2022,University of Georgia,10,0,0,1,0,0,0,0,0,0,0,0,0,0,0,1,0,0,0,1,0,0,0,0
Georgia/associate/nyodercv_ac.docx,Nathan Yoder,2024,University of Georgia,7,0,0,1,0,1,0,0,0,0,0,0,0,0,0,0,0,0,0,0,0,0,0,0
Georgia/full/JohnLTurnerCurrentCVAugust2025.docx,John L. Turner,2008,University of Georgia,6,0,0,1,0,1,0,0,0,0,0,1,0,0,1,1,0,0,0,1,3,0,0,0
Georgia/full/SkiraCV.docx,Meghan M. Skira,2018,University of Georgia,6,0,0,0,0,0,0,0,0,1,0,0,0,0,0,2,0,0,0,0,0,0,0,0
Georgia/full/gervais_cv_20230622.docx,Martin Gervais,2007,University of Southampton,8,0,1,0,0,0,0,0,0,0,0,0,0,0,0,2,2,0,3,0,0,0,0,0
Georgia/full/vita_cornwell.docx,Christopher M. Cornwell,1994,University of Georgia,9,0,0,0,0,0,0,0,0,0,0,0,0,1,0,2,0,1,0,0,0,0,3,0
Georgia/full/vita_lastrapes.docx,William D. Lastrapes,1994,University of Georgia,8,0,0,0,0,0,1,0,0,0,0,0,0,2,1,0,0,0,0,0,0,0,0,0
Georgia State/associate/CV_Carlianne-Patrick_2019.docx,Carlianne E. Patrick,,,,0,0,0,0,0,0,0,0,0,0,0,0,0,0,0,0,0,0,0,0,0,0,0
Georgia State/associate/CV_Benjamin-Marx_2024.docx,,2021,University of Illinois at Urbana-Champaign,7,0,0,0,0,0,0,2,0,1,0,0,0,0,0,0,0,0,0,0,0,1,0,0
Georgia State/associate/CV_Daniel-Kreisman_2018.docx,Daniel Kreisman,,,,0,0,0,0,0,0,0,0,0,0,0,0,1,0,0,0,0,0,0,0,0,0,0
Georgia State/associate/CV_Goncalo-Monteiro_2022.docx,Goncalo Monteiro,,,,0,0,0,0,0,0,0,0,0,0,0,0,0,0,0,0,0,0,0,0,0,0,0
Georgia State/associate/CV_Jonathan-Smith_2023.docx,Jonathan Smith,2021,Georgia State University,10,1,0,0,0,1,0,0,0,3,0,0,0,1,0,0,0,3,0,0,0,0,0,0
Georgia State/associate/CV_Mark-Rider_2009.docx,Mark Rider,1999,Kennesaw State University,7,0,0,0,0,0,0,0,0,0,0,0,0,0,0,0,0,1,0,0,0,1,0,0
Georgia State/associate/CV_Susan-Laury_2018.docx,Susan K. Laury,2003,Georgia State University,7,0,2,0,0,0,0,0,0,0,0,0,0,0,0,0,0,0,0,0,0,1,0,0
Georgia State/associate/CV_Stefano-Carattini_2023.docx,Stefano Carattini,,,,0,0,0,0,0,0,0,0,0,0,0,0,0,0,0,0,0,0,0,0,0,0,0
Georgia State/full/CV_Alberto-Chong_2022.docx,Alberto E. Chong,2012,University of Ottawa,19,0,0,0,0,0,0,2,2,0,0,0,0,1,0,0,0,0,0,0,1,3,0,2
Georgia State/full/CV_Bruce-Kaufman_2022.docx,Bruce E. Kaufman,1984,Georgia State University,6,0,0,0,0,0,0,0,0,0,0,0,0,0,0,0,0,0,0,0,0,0,0,0
Georgia State/full/CV_David-Ribar_2023.docx,David C. Ribar,1999,The George Washington University,8,0,1,0,0,1,0,0,0,0,0,0,0,2,1,0,0,1,0,0,0,1,0,0
Georgia State/full/CV_Elaine-Liu_2025.docx,Elaine M. Liu,2014,University of Houston,6,0,0,0,1,0,0,0,0,0,0,0,0,1,0,0,0,0,0,0,0,0,0,1
Georgia State/full/CV_James-Cox_2023.docx,James C. Cox,1977,University of Massachusetts at Amherst,6,2,6,2,1,0,0,0,0,0,0,0,0,1,2,1,3,0,0,1,0,1,0,0
Georgia State/full/CV_Garth-Heutel_2024.docx,Garth Heutel,2017,Georgia State University,10,0,1,0,0,0,0,0,0,1,0,0,0,1,1,0,0,0,0,0,0,1,0,0
Georgia State/full/CV_James-Marton_2022.docx,James Henry Marton,2007,Georgia State University,5,0,0,0,0,0,0,0,0,0,0,0,0,0,0,0,0,0,0,0,0,0,0,0
Georgia State/full/CV_Nguedia-Pierre-Nguimkeu_2012.docx,Pierre E. N. Nguimkeu,,,,0,0,0,0,0,0,0,0,0,0,0,0,0,0,0,0,0,0,0,0,0,0,0
Georgia State/full/CV_Rusty-Tchernis_2022.docx,Rusty Tchernis,2009,Georgia State University,7,0,0,0,1,0,0,0,0,0,0,0,0,0,0,0,0,0,0,0,0,0,2,1
Georgia State/full/CV_Shiferaw-Gurmu_2017.docx,Shiferaw Gurmu,1998,Georgia State University,6,0,0,0,0,0,0,0,0,0,0,0,0,0,0,0,0,0,0,0,0,0,2,0
Georgia State/full/CV_Thomas-Mroz_2022.docx,Thomas A. Mroz,1992,University of North Carolina at Chapel Hill,8,0,0,1,0,0,0,0,0,0,0,0,0,1,0,1,0,0,0,0,0,0,2,1
Georgia State/full/CV_Yongsheng-Xu_2009.docx,Yongsheng Xu,1999,Hitotsubashi University,7,0,0,0,0,0,0,0,0,0,0,0,0,0,0,0,4,0,0,0,0,0,0,1
Georgia State/full/CV_Vjollca-Sadiraj_2024.docx,Vjollca Sadiraj,2013,Georgia State University,11,0,0,1,0,0,0,0,0,0,0,0,0,1,0,0,1,0,0,0,0,0,0,0
Georgia Tech/associate/1d4764eb-ad63-5239-ab61-57c264086f16.docx,Matthew E. Oliver,2019,Georgia Institute of Technology,6,0,0,0,0,0,0,0,0,0,0,0,0,0,0,0,0,0,0,0,0,0,0,0
Georgia Tech/associate/54ad860f-1832-5a4a-b6fc-8b53ea7a22fd.docx,Usha Nair-Reichert,2001,Georgia Institute of Technology,6,0,0,0,0,0,0,0,0,0,0,0,0,1,0,1,0,0,0,0,1,0,0,0
Georgia Tech/associate/60e67039-0ce4-54b4-a654-427065c0fa84.docx,Olga Shemyakina,2015,Georgia Institute of Technology,8,0,1,0,0,0,0,0,0,0,0,0,0,0,0,0,0,0,0,0,0,0,0,2
Georgia Tech/associate/62ce3c65-ea40-565e-9253-6ce7eec523fe.docx,Willie J. Belton Jr.,1994,Georgia Institute of Technology,7,0,1,0,0,0,0,0,0,0,0,0,0,0,0,0,0,0,0,0,0,0,0,0
Georgia Tech/associate/Gonzalez_CV.docx,Robert M. Gonzalez,2024,Georgia Institute of Technology,8,0,1,0,0,0,0,1,0,0,0,0,0,1,0,0,0,0,0,0,0,1,0,1
Georgia Tech/associate/Mikhail Klimenko.docx,Mikhail Klimenko,,,,0,0,0,0,0,0,0,0,0,0,0,0,0,1,0,0,0,0,0,3,0,0,1
Georgia Tech/associate/bc40ff64-4e43-5327-b822-c69a074ed835.docx,Justin Burkett,2020,Georgia Institute of Technology,8,0,0,0,0,0,0,0,0,0,2,0,0,0,0,0,3,0,0,0,0,0,0,0
Georgia Tech/associate/wichman_cv_2025.docx,Casey J. Wichman,2023,Georgia Institute of Technology,8,0,0,0,0,0,0,1,0,0,0,0,0,0,1,0,0,0,0,0,0,1,0,0
Georgia Tech/full/6e01077e-a5b3-52ea-b30c-b666d5138855.docx,Shatakshee Dhongde,2017,Georgia Institute of Technology,12,0,0,0,0,0,0,0,0,0,0,0,0,0,0,0,0,0,0,0,0,0,0,0
Georgia Tech/full/CV_Jason_Lindo.docx,Jason M. Lindo,2013,Texas A&M University,4,1,0,0,0,0,0,3,0,1,0,0,0,0,0,0,0,0,0,0,0,2,0,0
Georgia Tech/full/cv.docx,Christine P. Ries,1986,The Claremont Graduate School,9,0,0,0,0,0,0,0,0,0,0,0,0,1,0,0,0,0,0,0,1,0,0,0
Georgia Tech/full/fe161b52-7155-5aa6-8ec0-d30e4f9554ed.docx,Haizheng Li,2004,Georgia Institute of Technology,7,0,0,0,0,0,0,0,0,0,0,0,0,0,0,0,0,1,0,0,0,0,0,2
Georgia Tech/full/besedes-cv.docx,Tibor Besedeš,2013,Georgia Institute of Technology,10,0,0,0,0,0,0,0,0,0,0,0,0,2,0,0,0,0,0,0,3,0,0,1
Houston/associate/FanWangCV.docx,Fan Wang,2022,University of Houston,7,0,0,0,0,0,0,0,0,0,0,0,0,0,0,0,0,0,0,0,0,0,1,0
Houston/associate/cv_2024_dec_szabo.docx,Andrea Szabo,2017,University of Houston,7,0,0,1,0,0,0,0,1,0,0,0,0,0,0,0,0,0,0,0,0,1,0,1
Houston/associate/cv_paluszynski.docx,Radek Paluszynski,2023,University of Houston,7,0,0,0,1,0,2,0,0,0,0,0,1,0,0,0,0,0,0,0,0,0,0,0
Houston/associate/cv_Oct2024_Cubas.docx,German Cubas,2019,University of Houston,9,0,0,0,0,0,0,0,0,0,0,0,0,0,2,1,0,0,0,0,0,0,0,0
Houston/full/CV_Jan2025_Sorensen.docx,Bent E. Sørensen,2001,Binghamton University,11,1,1,0,0,1,2,0,1,0,0,0,1,3,1,0,0,0,1,0,5,0,3,0
Houston/associate/cv_willafriedman.docx,Willa Friedman,2023,University of Houston,10,0,1,0,0,0,0,0,0,0,0,0,0,0,2,0,0,0,0,0,0,0,0,1
Houston/full/CV_Juhn_February_2021.docx,Chinhui Juhn,1996,University of Houston,5,1,3,0,0,1,0,0,0,0,0,0,0,1,0,0,0,3,0,0,0,0,0,1
Houston/full/CV_gergely.docx,Gergely Ujhelyi,2014,University of Houston,7,0,1,0,0,0,0,0,2,1,0,0,0,0,0,0,0,0,0,0,0,5,0,2
Houston/full/JanetKohlhase_CV_Aug_2024_for_web.docx,Janet E. Kohlhase,1990,University of Houston,10,0,0,0,0,0,0,0,0,0,0,0,0,3,0,0,0,0,0,0,0,0,0,0
Houston/full/achin_cv.docx,Aimee Chin,2007,University of Houston,6,0,0,0,0,0,0,1,0,0,0,0,0,2,0,0,0,1,0,0,0,1,0,3
Houston/full/Vita_2025_June_Craig.docx,Steven G. Craig,,,,0,1,0,0,0,0,0,0,1,0,0,0,3,0,0,0,0,0,0,0,1,0,1
Houston/full/cv_maheshri.docx,Vikram Maheshri,2018,University of Houston,8,0,0,0,0,0,0,0,0,1,0,0,2,1,0,0,0,1,0,0,0,2,0,0
Houston/full/cv_vollrath.docx,Dietrich E. Vollrath,2011,University of Houston,6,0,0,0,1,0,2,0,0,0,0,0,0,0,0,0,0,0,0,0,0,0,0,2
Houston/full/vita_papell.docx,David H. Papell,,,,0,2,0,0,0,0,0,0,0,0,0,0,4,0,2,0,0,3,0,7,0,0,2
Indiana Bloomington/associate/BulentGuler_CV.docx,Bulent Guler,2016,Indiana University,7,0,0,0,0,0,0,0,0,0,0,0,0,0,0,1,0,0,1,0,1,0,0,0
Indiana Bloomington/associate/CV_Avoyan.docx,Ala Avoyan,2025,Indiana University,7,0,1,0,0,0,0,0,0,0,0,0,0,0,0,0,0,0,0,0,0,0,0,0
Indiana Bloomington/associate/CV_Lashkaripour.docx,Ahmad Lashkaripour,2022,"Indiana University, Bloomington",8,0,1,0,0,0,0,0,1,0,0,1,0,0,0,0,0,0,0,0,4,0,0,0
Indiana Bloomington/associate/CV_RULIXIAO.docx,Ruli Xiao,2021,Indiana University,7,0,0,0,0,0,0,0,0,0,0,0,0,0,0,0,0,0,0,0,0,0,4,0
Indiana Bloomington/full/CV_Lugovskyy.docx,Volodymyr Lugovskyy,2017,Indiana University,13,0,1,0,0,0,0,0,0,0,0,0,0,0,0,0,0,0,0,0,2,0,0,2
Indiana Bloomington/associate/CV_mostafa.docx,,2019,Indiana University,11,0,0,0,0,0,0,0,0,0,0,1,0,0,0,0,0,0,1,0,2,0,0,0
Indiana Bloomington/associate/cv_melo_emerson.docx,Emerson Melo,2022,Indiana University,9,0,0,0,0,0,0,0,0,0,0,0,0,0,0,2,0,0,0,0,0,0,0,0
Indiana Bloomington/associate/cv_gustavo_torrens_september_2022.docx,Gustavo Federico Torrens,,,,0,0,0,0,0,0,0,0,0,0,0,0,0,0,0,0,0,0,0,2,1,0,0
Indiana Bloomington/full/alexeev_cv_dec_2023.docx,Michael V. Alexeev,1990,George Mason University,6,0,0,0,0,0,0,0,0,0,0,0,0,1,0,0,2,0,0,0,0,0,0,1
Indiana Bloomington/full/VITA_25_11.docx,Daniela Puzzello,2010,University of Illinois at Urbana-Champaign,5,0,1,1,0,1,0,0,0,0,0,0,0,0,0,1,1,0,2,0,1,0,0,0
Indiana Bloomington/full/Walker_CV_November2025.docx,Todd B. Walker,2013,Indiana University,7,0,1,1,1,0,0,0,0,1,0,0,0,0,0,0,2,0,2,0,0,0,0,0
Indiana Bloomington/full/chang-cv.docx,Yoosoon Chang,2002,Rice University,7,0,0,0,1,0,0,0,0,0,0,0,1,0,0,0,0,0,0,0,0,0,11,0
Indiana Bloomington/full/james-walker-cv-september-2025.docx,James M. Walker,1987,Indiana University,9,1,1,0,0,0,0,0,0,0,0,0,0,1,2,0,0,0,0,0,0,2,0,1
Indiana Bloomington/full/lueck-cv.docx,Dean Lueck,1997,Montana State University,10,0,2,0,0,1,0,0,0,0,0,0,0,0,0,0,0,0,0,1,0,0,0,0
Iowa/associate/Frisvold_CV.docx,David E. Frisvold,2016,University of Iowa,10,0,0,0,0,1,0,0,0,0,0,0,0,0,0,0,0,0,0,0,0,2,0,0
Indiana Bloomington/full/park-cv.docx,Joon Y. Park,,,,0,0,5,0,0,0,0,0,0,0,0,1,0,1,1,0,0,0,0,0,0,27,0
Indiana Bloomington/full/xu-cv.docx,Ke-Li Xu,2012,Texas A&M University,5,0,0,0,0,0,0,0,0,0,0,0,0,0,0,0,0,0,0,0,0,0,8,0
"Iowa/full/David J Cooper resume, 2025.docx",David J. Cooper,2003,Case Western Reserve University,11,0,3,0,0,0,0,0,2,0,0,3,0,0,3,1,2,0,0,1,0,0,0,0
Iowa/associate/SuyongSong_CV.docx,Suyong Song,2019,University of Iowa,9,0,0,0,0,0,0,0,0,0,0,0,1,0,0,0,0,0,0,0,0,0,3,0
Iowa/full/NicholasY-CV.docx,Nicholas C. Yannelis,,,,0,0,2,0,0,0,0,0,0,0,1,0,0,0,0,11,0,0,0,0,0,0,0
Iowa/full/cv_castro.docx,Luciano I. de Castro,2014,University of Iowa,10,0,0,2,0,0,0,0,0,0,1,0,0,0,0,0,3,0,0,0,0,0,1,0
Iowa/full/cv_kumar.docx,Anil Kumar,2024,University of Iowa,20,0,0,0,0,1,0,0,0,2,0,0,0,0,0,0,0,0,0,0,0,2,0,1
Iowa State/associate/Bunzel_H_2024_CV.docx,Helle Bunzel,2006,Iowa State University,7,0,0,1,0,0,0,0,0,0,0,0,0,0,0,0,2,0,0,0,0,0,0,0
Iowa State/associate/Li_J_2025 CV.docx,Jian LI,2023,Iowa State University,11,0,0,0,0,0,0,0,0,0,1,0,0,0,0,0,3,0,0,0,0,0,0,0
Iowa State/associate/Turhan_CV_0.docx,Bertan Turhan,2023,Iowa State University,8,0,0,0,0,0,0,0,0,0,0,0,0,0,0,0,1,0,0,0,0,0,0,0
Iowa State/full/20250701_Rosenbloom_CV.docx,Joshua L. Rosenbloom,1994,University of Kansas,6,0,0,0,0,0,0,0,0,0,0,0,0,0,0,0,0,0,0,0,0,0,0,0
Iowa State/full/CV-jmc-current.docx,John M. Crespi,2005,Kansas State University,5,0,0,0,0,0,0,0,0,0,0,0,0,0,0,0,0,0,0,0,0,0,0,0
Iowa State/full/Hart_C_2025Vita.docx,Chad E. Hart,2012,Iowa State University,13,0,2,0,0,0,0,0,0,0,0,0,0,0,0,0,0,0,0,0,0,0,0,0
Iowa State/associate/Zhylyevskyy_O_2024CV.docx,Oleksandr Zhylyevskyy,2014,Iowa State University,6,0,0,0,0,0,0,0,0,0,0,0,0,0,0,0,0,1,1,0,0,0,0,0
Iowa State/full/Cordoba_CV_September_2025.docx,Juan Carlos Cordoba,2009,Iowa State University,8,0,0,0,2,0,0,0,1,0,1,0,0,0,1,3,0,0,4,0,0,0,0,0
Iowa State/full/LongVitae1.docx,Quinn Rone Arthur Weninger,2003,Iowa State University,8,0,0,0,1,0,0,0,0,0,0,0,0,0,0,0,0,0,0,0,0,0,0,0
Iowa State/full/John Winters CV August 2025.docx,John V. Winters,,,,0,0,0,0,0,0,0,0,0,0,0,0,0,0,0,0,1,0,0,0,0,0,0
Iowa State/full/Moschini-CV-June 2025-short.docx,GianCarlo Moschini,1995,Iowa State University,9,0,0,0,0,0,0,0,0,0,0,0,0,1,0,2,0,0,0,1,0,0,1,0
Iowa State/full/Lence_S_2025CV.docx,Sergio H. Lence,2003,Iowa State University,11,0,0,0,0,0,0,0,0,0,0,0,0,1,0,0,0,0,0,0,0,0,0,0
Iowa State/full/ORAZEM.docx,Peter Francis Orazem,1988,Iowa State University,5,0,2,0,0,1,0,0,0,0,0,0,0,2,0,1,0,1,0,0,0,0,0,0
Iowa State/full/VitaJAHMay2019.docx,Arne Hallam,1988,Iowa State University,5,0,0,0,0,0,0,0,0,0,0,0,0,0,0,0,0,0,0,0,0,0,0,1
Iowa State/full/Singh Rajesh cv 2024.docx,Rajesh Singh,2008,Iowa State University,6,0,0,0,0,0,0,0,0,0,0,0,0,0,0,0,0,0,0,0,2,0,0,0
Iowa State/full/RESUME.docx,David A. Hennessy,1999,Iowa State University,6,0,8,0,0,0,0,0,0,0,2,0,0,0,2,1,2,0,0,0,0,3,0,1
Iowa State/full/kreider_cv.docx,Brent E. Kreider,2001,Iowa State University,7,0,0,0,0,0,0,0,0,0,0,0,0,1,0,0,0,2,0,0,0,2,1,0
Iowa State/full/jbvita March 2024.docx,Joydeep Bhattacharya,2003,Iowa State University,7,0,0,0,0,0,0,0,0,0,0,0,0,0,2,2,2,0,1,0,0,0,0,0
Michigan State/associate/Barnwal_CV_Sep_2025.docx,Prabhat Barnwal,2024,Michigan State University,9,0,1,0,0,0,0,0,0,0,0,0,0,1,0,0,0,0,0,0,0,0,0,1
Michigan State/associate/CVHanzhe.docx,Hanzhe Zhang,2023,Michigan State University,8,0,0,0,1,2,0,0,0,0,1,2,0,0,0,0,1,0,0,0,0,0,0,1
Michigan State/associate/CV_ADM.docx,Antonio Doblas-Madrid,2015,Michigan State University,10,0,0,1,0,0,0,0,0,0,0,0,0,0,0,0,0,0,0,0,1,0,0,0
Michigan State/associate/CV_bushong.docx,Benjamin Bushong,2024,Michigan State University,11,0,1,0,1,0,0,0,0,0,0,1,0,0,0,0,1,0,0,0,0,0,0,0
Michigan State/associate/sorenanderson_cv.docx,Soren T. Anderson,2015,Michigan State University,7,0,2,0,0,1,0,0,0,0,0,0,0,0,0,0,0,0,0,0,0,0,0,0
Michigan State/full/CV Kyoo il Kim.docx,Kyoo Il Kim,2014,Michigan State University,8,0,1,0,0,0,0,0,0,0,0,0,1,0,0,0,2,0,0,0,0,0,4,0
Michigan State/full/HaiderCV.docx,Steven J. Haider,2005,Michigan State University,7,0,2,0,0,0,0,0,0,0,0,0,0,1,0,0,0,1,0,0,0,1,1,0
Michigan State/full/CV_Eguia.docx,Jon X. Eguia,2013,University of Bristol,6,0,1,0,0,1,0,0,0,0,1,0,0,0,0,0,0,0,0,0,0,2,0,0
Michigan State/full/JeitschkoCVJan2022.docx,Thomas D. Jeitschko,,,,0,1,0,0,0,0,0,0,0,0,0,0,0,0,1,0,0,0,0,0,0,0,0
Michigan State/full/Mike Conlin - Curriculum Vitae.docx,Michael Conlin,2005,Syracuse University,10,0,2,0,0,0,0,0,0,0,0,0,0,2,0,0,0,1,0,1,0,1,0,1
Michigan State/full/Revised-CV-PDF-Edits-0521.docx,Lisa D. Cook,2013,Michigan State University,,0,1,0,0,0,0,0,0,0,0,0,0,0,0,0,0,0,0,0,0,0,0,0
Michigan State/full/Stacy Dickert-Conlin - Curriculum Vitae.docx,Stacy Dickert-Conlin,2005,Michigan State University,9,0,1,0,0,1,0,1,0,0,0,0,0,1,0,0,0,0,0,0,0,1,0,0
Michigan State/full/ElderCVcurrent.docx,Todd E. Elder,2011,Michigan State University,9,0,1,0,0,1,0,2,0,0,0,0,0,0,0,0,0,1,0,0,0,0,0,0
Michigan State/full/WoodburyCV(2025-10).docx,Stephen A. Woodbury,1988,Michigan State University,7,0,3,0,0,1,0,0,0,0,0,0,0,1,0,0,0,2,0,0,0,1,1,0
Michigan State/full/cv_ahlin.docx,Cynthia Ahlin,2009,Michigan State University,8,0,0,0,0,0,0,0,0,0,0,1,1,0,1,0,0,0,1,0,0,0,1,7
Michigan State/full/Zhu_CV_Sept2025.docx,Susan Chun Zhu,2007,Michigan State University,6,0,2,0,0,0,0,0,1,0,0,0,0,1,0,0,0,0,0,0,6,0,0,1
Michigan State/full/cv_Imberman.docx,Scott A. Imberman,2012,Michigan State University,5,0,1,0,0,0,0,0,0,1,0,0,0,2,0,0,0,1,0,0,0,3,0,0
Michigan State/full/cv_matusz.docx,Steven J. Matusz,1988,Michigan State University,5,1,1,0,1,1,0,0,0,0,0,0,0,0,2,2,0,0,0,0,6,0,0,0
Michigan State/full/cv_galvao.docx,"Antonio F. Galvao, Jr.",,,,0,0,1,0,0,0,0,0,0,1,0,1,0,0,0,0,0,0,0,0,0,10,0
Michigan State/full/cv_davidson.docx,Carl Davidson,1982,Michigan State University,0,0,1,0,1,2,0,0,0,0,0,0,0,0,1,5,0,2,0,3,7,3,0,0
Michigan State/full/cv-current-Choi.docx,Jay Pil Choi,1996,Columbia University,6,1,1,0,1,0,0,0,1,0,0,3,0,0,1,7,1,0,0,8,2,2,0,0
Michigan State/full/cvminettidec2025.docx,Raoul Minetti,2008,Michigan State University,6,0,0,0,0,0,0,0,2,0,0,0,0,0,2,1,1,0,4,0,2,0,0,0
Michigan State/full/cv_wooldridge.docx,Jeffrey M. Wooldridge,1993,Michigan State University,7,1,2,2,0,1,0,0,0,0,0,0,0,2,0,1,2,2,0,0,0,0,17,0
Michigan State/full/cv_mukherjee.docx,Arijit Mukherjee,2014,Michigan State University,9,0,0,0,1,0,0,0,0,0,0,0,0,0,0,1,0,1,0,6,0,0,0,0
Michigan State/full/papkecv.docx,Leslie E. Papke,1994,Michigan State University,7,0,1,0,0,0,0,0,0,0,0,0,0,0,0,0,0,0,0,0,0,3,1,0
NCSU Raleigh/associate/CV_Garcia_2024.docx,Filomena Garcia,2017,Indiana University,11,0,0,0,0,0,0,0,0,0,0,0,0,0,0,0,1,0,0,0,0,0,0,0
Michigan State/full/vita-vogelsang.docx,Timothy J. Vogelsang,1999,Cornell University,6,0,1,5,0,0,0,0,0,0,0,0,0,1,0,1,0,0,0,0,0,0,7,0
NCSU Raleigh/associate/Ilze-Kalnina-CV.docx,Ilze Kalnina,2025,North Carolina State University,16,0,0,0,0,0,0,0,0,0,0,0,0,0,0,0,0,0,0,0,0,0,3,0
NCSU Raleigh/full/CV_MSMorrill.docx,Melinda Sandler Morrill,2015,North Carolina State University,7,0,0,0,0,0,0,0,0,0,0,0,0,0,0,0,0,0,0,0,0,1,0,0
NCSU Raleigh/full/DenisPelletier-Vitae.docx,Denis Pelletier,2009,North Carolina State University,5,0,0,0,0,0,0,0,0,0,0,0,0,0,0,0,0,0,0,0,0,0,2,0
NCSU Raleigh/full/CV_Opromolla.docx,Luca David Opromolla,,,,0,0,0,0,2,0,0,0,0,0,0,0,1,0,0,0,0,0,0,2,0,0,0
NCSU Raleigh/full/Goodwin-CV-Jan20-2.docx,Barry K. Goodwin,1988,Kansas State University,0,0,0,0,0,0,0,0,0,0,0,0,0,0,0,1,0,0,2,0,0,0,1,0
NCSU Raleigh/full/Canercv.docx,Mehmet Caner,,,,0,0,1,0,0,0,0,0,0,0,0,0,0,0,1,0,0,0,0,0,0,10,0
NCSU Raleigh/full/LeeCraigCV-April-2023-1.docx,Lee A. Craig,1994,North Carolina State University,5,0,0,0,0,0,0,0,0,0,0,0,0,0,0,0,0,0,0,0,0,0,0,0
NCSU Raleigh/full/Steve-Allen-CV-March-2022.docx,Steven G. Allen,1983,North Carolina State University,5,2,2,0,0,0,0,0,0,0,0,0,0,3,0,0,0,2,0,0,0,0,0,0
NCSU Raleigh/full/VITACUR.RLC-August-2025.docx,Robert L. Clark,1979,North Carolina State University,5,1,5,0,0,0,0,0,0,0,0,0,0,0,0,0,0,4,0,0,0,1,0,0
NCSU Raleigh/full/Morrill_T-CV_2019Nov.Jan20.docx,Thayer Morrill,2015,North Carolina State University,7,0,0,0,0,0,0,1,0,1,0,2,0,0,0,0,1,0,0,0,0,0,0,0
Notre Dame/associate/CV_Lieber.docx,Ethan M.J. Lieber,2020,University of Notre Dame,7,1,1,0,0,0,0,1,0,1,0,0,0,1,0,0,0,0,0,0,0,2,0,0
NCSU Raleigh/full/cv_dur_2024-oct.docx,Umut Mert Dur,2019,North Carolina State University,6,0,0,0,0,2,0,0,0,1,2,1,0,0,0,0,2,0,0,0,0,0,0,0
Notre Dame/associate/CV_Bertanha.docx,M. Bertanha,2024,University of Notre Dame,9,0,0,0,0,0,0,0,0,0,0,0,0,1,0,0,0,0,0,0,0,0,3,0
Notre Dame/associate/Cronin_Chris_cv.10.14.25.docx,Christopher J. Cronin,2024,University of Notre Dame,10,0,0,0,1,0,0,0,0,0,0,0,0,1,0,1,0,0,0,0,0,0,1,0
Notre Dame/associate/Johnson CV (August 2025).docx,Robert C. Johnson,2017,Dartmouth College,9,0,0,0,0,0,2,0,0,0,0,0,0,1,0,0,0,0,0,0,4,0,0,0
Notre Dame/associate/Kirk_Doran_CV.docx,Kirk Bennett Doran,2015,University of Notre Dame,7,1,0,0,0,1,0,0,0,0,0,0,0,1,0,0,0,1,0,0,0,0,0,0
Notre Dame/associate/cesar_sosa-padilla_CV.docx,César Sosa-Padilla,2023,University of Notre Dame,11,0,0,0,1,1,0,0,0,0,0,0,0,0,1,1,0,0,2,0,2,0,0,0
Notre Dame/associate/TarynDinkelmanSept25_CV.docx,Taryn Dinkelman,2017,Dartmouth College,9,0,1,0,0,0,0,1,0,0,0,0,0,1,1,0,0,0,0,0,0,0,0,2
Notre Dame/associate/kotowski_cv_jan_2026.docx,Maciej H. Kotowski,2015,Harvard University,4,0,0,1,0,0,0,0,0,0,3,1,0,0,0,1,1,0,0,0,0,1,0,0
Notre Dame/associate/pugsley_cv.docx,Benjamin Wild Pugsley,2022,University of Notre Dame,10,0,4,0,0,0,0,0,0,0,0,0,0,1,1,0,0,0,1,0,0,0,0,0
Notre Dame/full/CV_CBaumeister.docx,Christiane Baumeister,2017,University of Notre Dame,7,0,1,1,0,0,1,0,0,0,0,0,0,2,0,1,0,0,1,0,0,0,0,0
Notre Dame/full/Iyer_CV_2025_July.docx,Lakshmi Iyer,2016,University of Notre Dame,13,0,1,0,0,0,0,1,1,0,0,0,0,3,1,0,0,0,0,0,0,0,0,1
Notre Dame/associate/stangebye_cv_july25.docx,Zachary R. Stangebye,2025,University of Notre Dame,10,0,0,0,0,1,0,0,0,0,0,0,1,0,0,1,0,0,0,0,1,0,0,0
Notre Dame/full/Pries-CV-May-22.docx,Michael J. Pries,2007,University of Notre Dame,8,0,0,0,1,1,2,0,0,0,0,0,0,0,0,0,0,0,0,0,0,0,0,0
Notre Dame/full/Kearney-CV-March2025.docx,Melissa Schettini Kearney,2009,University of Maryland,7,0,2,0,0,0,0,1,0,1,0,0,0,4,0,0,0,0,0,0,0,2,0,0
Notre Dame/full/Vita_Gresik.docx,Thomas A. Gresik,1991,The Pennsylvania State University,4,0,0,0,0,0,0,0,0,0,0,0,0,0,0,1,6,0,0,0,1,4,0,0
Notre Dame/full/cv_buckles.docx,Kasey Buckles,2013,University of Notre Dame,8,0,1,0,0,0,0,0,0,0,0,0,0,1,1,0,0,0,0,0,0,0,0,0
Notre Dame/full/campbell_cv_jan_2026.docx,Jeffrey R. Campbell,2002,University of Chicago,7,0,2,2,0,0,0,0,0,1,0,0,0,0,0,1,0,0,3,0,0,0,0,0
Notre Dame/full/cv-Aug-2024_kali.docx,Kali P. Rath,1998,University of Notre Dame,6,0,0,0,0,0,0,0,0,0,2,0,0,0,0,0,3,0,0,0,0,0,0,0
Notre Dame/full/cv_enrique_seira_sept_2025.docx,Enrique Seira,2017,Instituto Tecnológico Autónomo de México,10,1,2,0,3,0,0,0,0,2,0,0,0,1,0,0,0,0,0,0,0,2,0,0
Notre Dame/full/cv_hungerman.docx,Daniel M. Hungerman,2011,University of Notre Dame,6,1,1,0,0,1,0,1,0,1,0,0,0,3,1,0,0,0,0,0,0,4,0,1
Notre Dame/full/cv_sims.docx,Eric R. Sims,2014,University of Notre Dame,5,0,1,0,0,0,2,0,0,1,0,0,0,4,0,1,0,0,4,0,0,0,0,0
Notre Dame/full/cv_matthes.docx,Christian Matthes,2019,Indiana University,9,0,0,0,1,0,2,0,0,0,0,0,2,1,2,2,0,0,5,0,0,0,1,0
Notre Dame/full/cv_sullivan.docx,James X. Sullivan,2009,University of Notre Dame,,0,2,0,0,1,0,0,0,0,0,0,0,0,0,0,0,0,0,0,0,3,0,0
Notre Dame/full/kaboskiCV.docx,Joseph P. Kaboski,2010,Ohio State University,9,0,4,1,4,0,2,1,2,0,0,0,0,0,0,0,1,0,2,0,0,0,0,3
Notre Dame/full/thornton_cv_dec_2025.docx,Rebecca L. Thornton,2015,University of Illinois at Urbana-Champaign,9,0,1,0,0,0,0,2,1,0,0,0,0,3,0,0,0,0,0,0,0,0,1,2
Notre Dame/full/vita_nelson.docx,Nelson C. Mark,1989,The Ohio State University,6,0,3,0,1,0,1,0,0,0,0,0,0,1,1,4,0,0,4,0,5,0,0,0
Ohio State/associate/Alex Hollingsworth CV.docx,Alex Hollingsworth,2021,Indiana University,6,0,0,0,0,0,0,0,0,1,0,0,0,0,0,0,0,0,0,0,0,1,0,0
Notre Dame/full/vita_wne.docx,William N. Evans,1994,University of Maryland,6,3,2,0,0,3,0,0,0,2,0,0,0,6,0,0,0,2,0,1,0,5,1,1
Ohio State/associate/Brown_ cv_February2025.docx,Meta Brown,,,,0,1,0,1,0,0,0,0,0,0,0,0,0,0,0,0,1,0,0,0,0,0,0
Ohio State/associate/John Rehbeck CV.docx,John Rehbeck,2022,The Ohio State University,5,0,1,2,0,0,0,0,0,0,0,0,1,0,0,0,1,0,0,0,0,0,1,0
Ohio State/full/Aubhik Khan CV.docx,Aubhik Khan,2008,Ohio State University,15,0,1,1,1,1,0,0,0,0,0,0,0,0,0,0,0,0,2,0,0,0,0,0
Ohio State/full/Audrey Light CV.docx,Audrey L. Light,2000,The Ohio State University,13,0,2,0,0,0,0,0,0,0,0,0,0,2,0,0,0,5,0,0,0,0,0,0
Ohio State/associate/Pok-Sang Lam CV.docx,Pok-sang Lam,1993,The Ohio State University,7,1,2,0,0,0,0,0,0,0,0,0,0,0,0,1,0,0,3,0,0,0,0,0
Ohio State/full/Bruce Weinberg CV.docx,Bruce A. Weinberg,,,,0,1,0,0,2,0,0,0,0,0,0,0,1,1,0,0,4,0,0,0,0,0,1
Ohio State/full/Healy-CV.docx,Paul J. Healy,2010,The Ohio State University,5,0,1,0,0,1,0,0,0,0,2,0,0,0,1,0,2,0,0,0,0,0,0,0
Ohio State/full/Jim Peck.docx,James Peck,1992,The Ohio State University,7,1,2,1,1,1,0,0,0,0,0,2,0,0,0,2,11,0,1,2,0,0,0,0
Ohio State/full/Julia Thomas CV.docx,Julia Kathryn Thomas,2008,Ohio State University,10,0,1,1,0,2,0,0,0,0,0,0,0,0,0,1,0,0,1,0,0,0,0,0
Ohio State/full/John Kagel CV.docx,John H. Kagel,1982,University of Houston,12,2,11,5,0,3,0,0,1,0,0,4,0,2,6,0,2,1,0,3,0,1,1,0
Ohio State/full/Kurt Lavetti CV.docx,Kurt J. Lavetti,2019,Ohio State University,8,0,0,0,0,0,0,1,0,1,0,0,0,0,0,0,0,0,0,0,0,0,1,0
Ohio State/full/Matthew Weinberg CV.docx,Matthew C. Weinberg,2016,Drexel University,9,0,1,1,0,0,0,0,0,2,0,0,0,1,0,0,0,0,0,1,0,1,0,0
Ohio State/full/Trevon Logan CV.docx,Trevon D. Logan,2010,The Ohio State University,6,1,3,0,0,0,0,0,0,0,0,0,0,0,0,0,0,0,0,0,0,0,0,0
Ohio State/full/Yaron Azrieli CV.docx,Yaron Azrieli,2015,The Ohio State University,7,0,0,1,0,1,0,0,0,0,2,0,0,0,0,1,2,0,0,0,0,0,0,0
Ohio State/full/cv_blevins.docx,Jason R. Blevins,,,,0,0,0,2,0,0,0,0,0,0,0,2,0,0,1,0,0,0,0,0,0,1,0
Ohio State/full/de_jong_r_-_cv_-_2022.docx,Robert M. de Jong,2000,Michigan State University,7,0,0,1,0,0,0,0,0,0,0,0,0,1,0,0,0,0,0,0,0,0,8,0
Ohio State/full/yang-vita-2023-osu.docx,Huanxing Yang,2010,Ohio State University,6,0,0,0,0,0,0,0,0,0,1,1,0,0,0,3,0,0,0,2,0,0,0,0
Oregon/associate/BurlandoCV.docx,Alfredo Burlando,2017,University of Oregon,7,0,0,0,0,0,0,0,0,0,0,1,0,0,0,1,0,0,0,0,0,0,0,4
Oregon/associate/CV_cristea.docx,Anca D. Cristea,2016,University of Oregon,6,0,0,0,0,0,0,0,0,1,0,0,0,0,0,0,0,0,0,0,0,0,0,0
Oregon/associate/CV_Kuhn.docx,M. Kuhn,2020,University of Oregon,6,0,0,0,0,0,0,0,0,0,0,1,0,1,0,0,0,0,0,0,0,3,0,1
Oregon/associate/ColasCV.docx,Mark Colas,2025,University of Oregon,8,0,0,0,0,1,0,0,0,2,0,0,1,0,0,0,0,1,0,0,0,0,0,0
Oregon/associate/David+Evans+CV+Oct+2024.docx,David G. Evans,,,,1,0,1,0,0,0,0,0,0,0,0,0,0,0,0,1,0,1,0,0,0,0,0
Oregon/associate/Davis_CV.docx,Jonathan Martin Villars Davis,2025,University of Oregon,9,0,1,0,0,0,0,0,0,0,0,0,0,1,0,0,0,1,0,0,0,0,0,0
Oregon/associate/JIABIN WU CV.docx,Jiabin Wu,2020,University of Oregon,6,0,0,0,0,0,0,0,0,0,0,1,0,0,0,0,2,0,0,0,0,0,0,0
Oregon/associate/Wong_CV.docx,Woan Foong Wong,2025,University of Oregon,8,0,0,0,0,0,1,1,0,0,0,0,0,0,0,0,0,0,0,0,1,0,0,0
Oregon/associate/Mullen_CV.docx,Kathleen J. Mullen,2022,University of Oregon,17,0,2,0,0,0,1,0,0,0,0,0,0,0,0,0,0,0,0,1,0,2,1,0
Oregon/full/Anne van den Nouweland - CV.docx,Anne van den Nouweland,2001,University of Oregon,8,0,0,0,0,0,0,0,0,0,0,0,0,0,0,0,0,0,0,0,0,0,0,0
Oregon/associate/miller-cv-web-2023-10-18.docx,Keaton S. Miller,2023,University of Oregon,8,0,0,0,0,0,0,0,0,0,0,0,0,0,0,0,0,0,0,0,0,2,0,0
Oregon/full/BenjaminHansenCV2023.docx,Benjamin Hansen,2015,University of Oregon,6,0,1,0,0,0,0,0,0,1,0,0,0,0,0,0,0,1,0,0,0,3,0,0
Oregon/full/Waddell-Glen_CV.docx,Glen R Waddell,2007,University of Oregon,7,1,0,0,0,0,0,1,0,0,0,0,0,1,0,0,0,0,0,0,0,0,0,0
Oregon/full/Vitae_Piger.docx,Jeremy Piger,2008,University of Oregon,8,0,0,0,0,0,0,0,0,0,0,0,0,3,0,0,0,0,1,0,1,0,2,0
Oregon/full/cv_blonigen.docx,Bruce A. Blonigen,2000,University of Oregon,5,0,5,0,0,0,0,0,0,1,0,0,0,1,1,0,0,0,0,0,10,0,0,0
Oregon/full/Harbaugh Vitae.docx,William T. Harbaugh,,,,0,3,0,0,0,0,0,0,0,0,0,0,1,1,0,0,0,0,0,0,1,0,0
Oregon/full/kolpinCV.docx,Van Kolpin,1992,University of Oregon,6,0,0,0,0,0,0,0,0,0,0,0,0,0,0,1,1,0,0,0,0,0,0,0
Oregon/full/evans_cv.docx,,1992,London School of Economics,12,1,5,1,3,0,2,0,0,0,0,0,0,0,3,3,5,0,7,0,0,0,0,0
Oregon/full/cv_shankha.docx,Shankha Chakraborty,2006,University of Oregon,7,0,0,0,0,0,0,0,0,0,0,0,0,0,2,1,3,0,2,0,0,0,0,0
Oregon/full/lbak-cv.docx,Laura A. Bakkensen,2020,University of Arizona,6,0,0,0,0,1,0,0,0,0,0,0,0,0,0,0,0,0,0,0,0,0,0,0
Pittsburgh/associate/CV_Mylovanov_June_2021.docx,Tymofiy Mylovanov,2015,University of Pittsburgh,11,0,1,1,1,0,0,0,0,0,1,1,0,0,0,1,3,0,0,0,0,0,0,0
Oregon/full/mcgough_vita_2024.docx,Bruce McGough,2006,Oregon State University,6,0,0,0,0,0,0,0,0,0,1,0,0,0,3,0,3,0,3,0,0,0,0,0
Pittsburgh/associate/LauraLiu_cv.docx,Laura Liu,2023,Indiana University,6,0,0,1,0,0,0,0,0,0,0,0,2,0,0,0,0,0,0,0,0,0,2,0
Pittsburgh/associate/Ferrara - CV.docx,Andreas Ferrara,2025,University of Pittsburgh,6,1,0,0,1,0,0,0,1,0,0,0,0,1,0,0,0,1,0,0,0,0,0,0
Pittsburgh/associate/Rania_Gihleb_CV_April2023.docx,Rania Gihleb,,,,0,1,0,0,0,0,0,0,0,0,0,0,0,0,0,0,0,0,0,0,0,0,0
Pittsburgh/associate/OSEA_GIUNTELLA_CV_aug25.docx,Osea Giuntella,2022,University of Pittsburgh,9,0,0,0,0,0,0,0,0,0,0,0,0,1,1,0,0,0,0,0,1,0,0,0
Pittsburgh/associate/beresteanu_vita.docx,Arie Beresteanu,2012,University of Pittsburgh,11,0,0,2,0,0,0,0,0,0,0,0,0,0,0,1,0,0,0,1,0,0,1,0
Pittsburgh/associate/cv_Lusher.docx,Lester R. Lusher,2023,University of Pittsburgh,6,0,1,0,0,1,0,1,0,0,0,0,0,0,0,0,0,0,0,0,0,2,0,0
Pittsburgh/full/Alistair_CV.docx,Alistair J. Wilson,2017,University of Pittsburgh,6,0,2,0,0,1,0,0,1,0,0,2,3,0,0,0,0,0,0,0,0,0,0,0
Pittsburgh/full/CVRipoll.docx,Marla Ripoll,2007,University of Pittsburgh,7,0,0,0,2,0,0,0,1,0,0,0,0,1,1,2,0,0,5,0,0,0,0,0
Pittsburgh/full/CV_November_2020_walsh.docx,Randall P. Walsh,2008,University of Pittsburgh,6,0,1,0,1,0,0,1,0,0,0,0,0,2,0,1,0,0,0,0,0,1,0,2
Pittsburgh/full/CV_Daniele_Coen_Pirani_August_2025.docx,Daniele Coen-Pirani,2010,University of Pittsburgh,10,0,1,0,0,0,2,0,0,1,0,0,0,0,0,5,0,0,3,0,0,1,0,0
Pittsburgh/full/CV_september_2025_Vesterlund.docx,Lise Vesterlund,2004,University of Pittsburgh,7,2,3,0,0,1,0,0,0,0,0,0,0,0,2,0,1,0,0,1,0,5,0,0
Pittsburgh/full/VITA_Dejong.docx,David N. DeJong,1992,University of Pittsburgh,3,0,1,1,1,0,0,0,0,0,0,0,1,2,0,0,0,0,2,0,0,0,2,0
Pittsburgh/full/WangSW-CV.docx,Stephanie W. Wang,2015,University of Pittsburgh,7,0,1,1,1,0,0,0,0,0,0,1,0,0,0,0,0,0,0,0,0,1,0,0
Pittsburgh/full/cv_weelden.docx,Richard Van Weelden,2017,University of Pittsburgh,7,0,1,0,2,0,0,0,0,0,0,0,0,0,0,0,0,0,0,0,0,3,0,0
Pittsburgh/full/cvrigotti.docx,Luca Rigotti,2006,Duke University,9,0,1,2,0,0,0,0,0,0,0,0,0,0,0,0,4,0,0,0,0,0,0,0
Purdue/associate/BZOU_CV.docx,Ben Zou,2024,Purdue University,9,0,0,0,0,0,0,1,0,0,0,1,0,0,0,0,0,1,0,0,1,0,0,1
Pittsburgh/full/dmberkcv0425.docx,Daniel Berkowitz,2006,University of Pittsburgh,18,0,0,0,0,0,0,0,0,0,0,0,0,2,0,0,1,0,0,0,0,1,1,2
Purdue/associate/CV YR web.docx,Yaroslav Rosokha,2021,Purdue University,8,0,0,1,0,0,0,0,0,0,0,2,0,2,0,0,0,0,0,0,0,0,0,0
Purdue/associate/Soderbery_CV.docx,Anson Soderbery,2017,Purdue University,6,0,0,0,0,0,0,0,0,1,0,0,0,0,0,0,0,0,0,0,4,0,0,1
Purdue/associate/Carr_CV_May_2021.docx,Jillian B. Carr,,,,0,0,0,0,0,0,0,0,0,0,0,0,2,0,0,0,0,0,0,0,0,0,0
Purdue/associate/hedlund_cv.docx,Aaron Hedlund,2020,University of Missouri,8,0,1,0,0,0,2,0,0,0,0,0,1,0,0,0,0,0,1,0,0,0,0,0
Purdue/full/508_JamesBullard_CV.docx,Samuel R. Allen,,,,0,1,0,0,0,0,0,0,0,0,0,0,0,2,2,4,0,7,0,0,0,0,0
Purdue/full/B. Roberson Vita F23.docx,Brian Roberson,2013,Purdue University,8,0,0,0,0,0,0,0,1,0,0,0,0,0,0,0,4,0,0,0,0,0,0,0
Purdue/full/BondCV.docx,Timothy N. Bond,2019,Purdue University,7,0,0,0,1,1,0,0,0,1,0,0,0,1,0,0,0,1,0,0,0,0,0,0
Purdue/full/Bao_CV.docx,Yong Bao,2010,Purdue University,6,0,0,0,0,0,0,0,0,0,0,0,0,0,0,0,0,0,0,0,0,0,3,0
Purdue/full/CV_Dufwenberg_Aug-2025.docx,Martin Dufwenberg,1998,Stockholm University,3,0,2,2,1,0,0,0,0,0,0,0,0,0,2,0,2,0,0,0,0,1,0,0
Purdue/full/CasonCV.docx,Timothy N. Cason,1998,University of Southern California,7,0,2,1,1,3,0,0,0,0,0,1,0,0,3,1,2,0,0,0,0,2,0,1
Purdue/full/Cv.docx,Ralph B. Siebert,2011,Purdue University,9,0,0,0,0,0,0,0,0,0,0,0,0,1,1,0,0,0,0,0,0,0,0,0
Purdue/full/ChanCVweb.docx,Joshua Chan,,,,0,0,0,0,0,0,0,0,0,0,0,1,0,0,0,0,0,0,0,0,0,5,0
Purdue/full/Gill_CV.docx,David Gill,2009,University of Southampton,4,0,1,0,0,2,0,0,0,0,0,1,1,1,2,0,1,0,0,0,0,1,0,0
Purdue/full/Mumford-CV.docx,Kevin J. Mumford,2014,Purdue University,7,0,1,0,0,0,0,1,0,0,0,0,0,1,0,0,0,0,0,0,0,0,1,0
Purdue/full/hedlund_cv.docx,Aaron Hedlund,2020,University of Missouri,8,0,1,0,0,0,2,0,0,0,0,0,1,0,0,0,0,0,1,0,0,0,0,0
"Purdue/full/Hummels, David L CV 6.22.2023.docx",David L. Hummels,2002,Purdue University,7,1,4,0,0,1,0,0,0,0,0,0,0,1,0,0,0,0,0,0,4,0,0,1
Purdue/full/cv_chongxiang.docx,Chong Xiang,2008,Purdue University,6,0,2,0,0,0,0,0,0,0,0,0,0,3,0,0,0,0,0,0,6,0,0,0
Purdue/full/crucinicv.docx,Mario J. Crucini,1999,Vanderbilt University,8,0,3,0,0,0,0,0,0,0,0,0,0,1,1,2,0,0,4,0,3,0,0,0
Purdue/full/victoria_prowse_cv.docx,Victoria Prowse,2016,Cornell University,9,0,1,0,0,2,1,0,0,0,0,0,2,1,1,0,0,0,0,0,0,0,1,0
Purdue/full/kejriwal_mohitosh_cv_dec6_24.docx,Mohitosh Kejriwal,2013,Purdue University,6,0,0,0,0,0,0,0,0,0,0,0,0,0,0,0,0,0,0,0,0,0,1,0
Rice/associate/Bethune-CV.docx,Zachary A. Bethune,2021,University of Virginia,6,0,0,0,3,1,0,0,0,0,0,0,0,0,0,0,1,0,0,0,0,0,0,0
Rice/associate/Bobkova_CV.docx,Nina Bobkova,,,,0,1,0,0,1,0,0,0,0,1,0,0,0,0,0,2,0,0,0,0,0,0,0
Rice/associate/CV Pouliot Nov2025.pages.docx,Guillaume A. Pouliot,2025,Rice University,9,0,0,1,0,0,0,0,0,0,0,0,0,0,0,0,0,0,0,0,0,0,1,0
Rice/associate/CV_Calvi_current.docx,Rossella Calvi,2024,Rice University,8,0,0,0,0,1,0,0,0,0,0,0,0,1,0,0,0,0,0,0,0,1,0,2
Rice/associate/Marc Dudey.docx,Marc Dudey,1996,Rice University,12,1,1,0,0,1,0,0,0,0,0,0,0,0,0,0,1,0,0,0,0,0,0,0
"Rice/full/Brown, B..docx",Bryan W. Brown,1983,Rice University,6,0,0,5,0,0,0,0,0,0,0,0,0,0,0,5,0,0,0,0,0,0,1,0
Rice/associate/Nina Bobkova.docx,Nina Bobkova,,,,0,0,0,0,0,0,0,0,0,0,0,0,0,0,0,1,0,0,0,0,0,0,0
Rice/associate/Yunmi_Kong_CV.docx,Yunmi Kong,2024,Rice University,8,0,1,0,0,2,0,0,0,0,0,0,0,0,0,0,0,0,0,1,0,0,0,0
Rice/full/CV-George-R.-Zodrow.docx,George R. Zodrow,1986,Rice University,6,0,0,0,0,0,0,0,0,0,0,0,0,0,0,0,0,0,0,0,0,1,0,0
Rice/full/Jim Brown.docx,James N. Brown,1990,State University of New York at Stony Brook,10,0,1,2,0,1,0,0,0,0,0,0,0,0,0,0,0,2,0,0,0,0,0,0
Rice/full/Cunha_CV.docx,Flávio Cunha,2014,Rice University,7,0,1,1,0,0,0,0,1,0,0,0,0,0,0,1,0,1,0,0,0,0,1,0
Rice/full/Isabelle Perrigne.docx,Isabelle M. Perrigne,2003,University of Southern California,12,0,0,3,1,1,0,0,0,0,0,0,0,1,1,0,0,0,0,2,0,0,1,0
Rice/full/KBackCV.docx,Kerry Back,1987,Indiana University,4,0,0,3,0,0,0,0,0,0,0,0,0,0,0,0,1,0,0,0,0,0,0,0
Rice/full/MalleshPai-CV.docx,Mallesh M Pai,2019,Rice University,9,1,1,0,0,0,0,0,0,0,1,2,0,0,0,0,3,0,0,0,0,0,0,0
Rice/full/PeterHartleyCV.docx,Peter Reginald Hartley,1986,Rice University,6,0,0,0,0,1,0,0,0,0,0,0,0,0,1,2,0,0,0,0,0,0,0,0
Rice/full/PeterHartleyCV - Michael Maher.docx,Peter Reginald Hartley,1986,Rice University,6,0,0,0,0,1,0,0,0,0,0,0,0,0,1,2,0,0,0,0,0,0,0,0
Rice/full/Richard Boylan.docx,Richard Thomas Boylan,1996,Washington University,5,0,1,0,0,0,0,0,0,0,0,0,0,0,0,0,3,0,0,0,0,0,0,0
Rice/full/Xun Tang.docx,Xun Tang,2014,Rice University,6,0,0,3,1,1,0,0,0,0,0,0,0,1,0,1,0,0,0,2,0,0,3,0
Rice/full/cv.docx,Kerry Back,1987,Indiana University,4,0,0,3,0,0,0,0,0,0,0,0,0,0,0,0,1,0,0,0,0,0,0,0
Rice/full/cv-2021-12-30.docx,Jeremy T. Fox,2013,University of Michigan,10,0,0,1,0,1,0,0,0,0,0,1,4,0,0,1,0,2,0,2,0,0,3,0
Rice/full/cv_ERASLAN.docx,Hülya K. K. Eraslan,2008,Johns Hopkins University,7,0,1,1,1,0,0,0,0,0,1,2,0,0,0,2,6,0,0,1,0,0,0,0
Rice/full/newvita.docx,Mahmoud Amin El-Gamal,1996,University of Wisconsin at Madison,8,0,0,0,0,0,0,0,0,0,0,0,0,0,0,0,1,0,0,0,0,0,2,0
Rice/full/vitae.docx,Ted Loch-Temzelides,2002,University of Iowa,7,0,1,1,0,1,0,0,0,0,0,0,1,0,0,3,3,0,1,0,0,0,0,0
Rice/full/vivian-ho-cv-05192025.docx,Vivian Ho,2000,University of Alabama Birmingham,8,0,1,0,0,0,0,0,0,0,0,0,0,1,0,0,0,0,0,1,0,0,0,0
Rutgers/associate/2024_cai_cv.docx,Zhifeng Cai,,,,0,1,0,0,0,0,0,0,0,0,0,0,0,0,0,2,0,1,0,0,0,0,0
Rutgers/associate/CV_BingxiaoWu_Rutgers_202409.docx,Bingxiao Wu,2023,Rutgers University,11,0,0,0,0,0,0,0,0,0,0,0,0,0,0,0,0,0,0,0,0,0,0,1
Rutgers/associate/CV_Xiye.docx,Xiye Yang,2022,Rutgers University,7,0,0,0,0,0,0,0,0,0,0,0,0,0,0,0,0,0,0,0,0,0,5,0
Rutgers/associate/Campbell_CV.docx,Colin M. Campbell,2005,Rutgers University,10,0,1,0,0,1,0,0,0,0,0,0,0,0,0,0,3,0,0,0,0,0,0,0
Rutgers/full/CV-September-2025.docx,Roberto Chang,2000,Rutgers University,11,1,3,0,0,0,1,0,0,0,0,0,0,0,0,3,3,0,6,0,3,0,0,2
Rutgers/associate/Saavedra_CV.docx,Martin Saavedra,,,,0,0,0,0,1,0,0,0,0,0,0,0,0,1,0,0,0,0,0,0,0,0,0
Rutgers/full/CV - Richard McLean.docx,Richard Patrick McLean,,,,0,0,3,1,0,0,0,0,0,2,0,0,0,0,0,4,0,0,0,0,0,0,0
Rutgers/full/CV-JOSEPH-HUGHES.docx,Joseph P. Hughes,,,,0,1,0,0,0,0,0,0,0,0,0,0,1,0,0,1,0,0,0,0,0,0,0
Rutgers/full/CV.docx,Thomas J. Prusa,1994,State University of New York at Stony Brook,6,0,0,0,0,0,0,0,0,0,0,0,0,1,0,1,0,0,0,0,5,0,0,1
Rutgers/full/CVOctober2025.docx,John Tomas Sjöström,1995,Harvard University,4,0,2,0,4,2,0,0,0,0,1,1,0,0,0,0,3,0,0,1,0,1,0,0
Rutgers/full/CV_Prusa.docx,Thomas J. Prusa,1994,State University of New York at Stony Brook,6,0,0,0,0,0,0,0,0,0,0,0,0,1,0,1,0,0,0,0,5,0,0,1
Rutgers/full/IraGangVita.docx,Ira N. Gang,1992,Rutgers University,9,1,0,0,0,0,0,0,0,0,0,0,0,0,0,1,1,0,0,0,1,1,0,4
Rutgers/full/Piehl.cv.docx,Anne Morrison Piehl,1998,Harvard University,4,0,0,0,0,0,0,0,0,0,0,0,0,1,0,0,0,1,0,0,0,0,0,0
Rutgers/full/Landon-LaneCV.docx,John Landon-Lane,2009,"Rutgers, The State University of New Jersey",11,0,0,0,0,0,0,0,0,0,0,0,0,0,0,1,0,0,1,0,0,0,1,0
Rutgers/full/Moehling CV_August6_2020.docx,Carolyn M. Moehling,2004,Yale University,8,0,0,0,0,0,0,0,0,0,0,0,0,0,0,0,0,0,0,0,0,0,0,0
Rutgers/full/Roger_Klein_Selected_CV.docx,Roger W. Klein,,,,0,1,4,1,0,0,0,0,0,0,0,0,1,0,0,0,0,0,0,0,0,4,0
Rutgers/full/Vitae1.docx,Norman R. Swanson,1999,Texas A&M University,5,0,0,1,0,0,0,0,0,0,0,0,1,1,0,1,0,0,1,0,0,0,12,1
Rutgers/full/cv_mizrach.docx,Bruce Mizrach,1995,Rutgers University,8,0,0,0,0,0,0,0,0,0,0,0,0,1,0,0,0,0,1,0,0,0,0,0
Rutgers/full/Sopher CV_2020.docx,Barry Sopher,,Rutgers University,,0,1,0,0,1,0,0,0,0,0,0,0,0,1,0,0,1,0,0,0,0,0,0
Rutgers/full/keister-cv.docx,Todd Keister,2004,Instituto Tecnológico Autónomo de México,6,0,1,0,2,0,0,0,0,0,0,0,0,0,0,2,7,0,4,0,0,0,0,0
Rutgers/full/cv_sigman.docx,Hilary Sigman,2001,Rutgers University,8,0,2,0,0,0,0,0,0,0,0,0,0,0,0,0,0,0,0,2,0,0,0,0
Rutgers/full/short-vita.docx,Oriol Carbonell-Nicolau,,,,0,0,0,0,0,0,0,0,0,2,1,0,0,0,0,2,0,0,0,0,1,0,0
SUNY Stony Brook/associate/CV240208.docx,Alexis Anagnostopoulos,2015,Stony Brook University,9,0,0,0,0,0,0,0,1,0,0,0,1,0,0,1,0,0,2,0,0,0,0,0
SUNY Stony Brook/associate/CVHBS2023.docx,Hugo A. Benítez-Silva,2007,State University of New York at Stony Brook,7,0,0,0,0,0,0,0,0,0,0,0,0,1,0,0,0,0,0,0,0,0,0,0
SUNY Stony Brook/associate/CV_ANAGNOSTOPOULOS.docx,Alexis Anagnostopoulos,2015,Stony Brook University,9,0,0,0,0,0,0,0,1,0,0,0,1,0,0,1,0,0,2,0,0,0,0,0
SUNY Stony Brook/associate/CV_YiyiZhou.docx,Yiyi Zhou,2020,Stony Brook University,8,0,0,0,0,0,0,0,0,0,0,0,0,0,0,1,0,0,0,1,0,0,0,0
SUNY Stony Brook/associate/Ting Liu - C.V..docx,,2019,Stony Brook University,11,0,0,0,0,0,0,0,0,0,0,1,0,0,0,1,0,0,0,0,0,0,0,0
SUNY Stony Brook/full/CV Yair Tauman October_2024.docx,Yair Tauman,1981,Northwestern University,2,1,0,1,0,0,0,0,0,0,0,0,0,0,0,2,6,1,0,2,0,1,0,0
SUNY Stony Brook/full/CVCarceles.docx,Eva Carceles-Poveda,2008,Stony Brook University,7,0,0,0,0,0,0,0,0,0,1,0,1,0,0,3,1,0,2,0,0,0,0,0
SUNY Stony Brook/full/CV.docx,Juan Carlos Conesa,2001,Universitat de Barcelona,2,0,2,0,0,0,0,0,0,0,0,0,0,0,0,2,0,0,2,0,1,1,0,0
SUNY Stony Brook/full/Mihai Manea CV.docx,Mihai Manea,2014,Massachusetts Institute of Technology,5,0,1,2,0,1,0,0,0,0,3,1,0,0,0,0,5,0,0,0,0,0,0,0
SUNY Stony Brook/full/cv_montgomery.docx,Mark R. Montgomery,1992,"State University of New York, Stony Brook",10,0,0,0,0,0,0,0,0,0,0,0,0,0,0,0,0,0,0,0,0,0,0,1
SUNY Stony Brook/full/cv-shmaya.docx,Eran Shmaya,2015,Northwestern University,8,0,2,1,0,1,0,0,0,0,4,1,0,0,0,0,5,0,0,0,0,0,0,0
SUNY Stony Brook/full/Sternvita.docx,Steven N. Stern,1990,University of Virginia,5,0,0,2,2,0,0,0,0,0,0,0,0,1,0,6,0,3,0,0,0,0,2,0
Southern Methodist/associate/CV_Ozerturk.docx,Saltuk Ozerturk,2008,Southern Methodist University,7,0,0,0,0,0,0,0,0,0,0,0,0,0,0,1,1,0,0,1,0,0,0,0
SUNY Stony Brook/full/cvbrusco_2023.docx,Sandro Brusco,2000,Universidad Carlos III de Madrid,7,0,0,0,1,0,0,0,0,0,0,1,0,0,0,2,5,0,0,1,0,1,0,0
Southern Methodist/associate/Sposi-Michael-CV.docx,Michael Sposi,2024,Southern Methodist University,12,0,0,0,0,0,0,0,1,0,0,0,0,0,0,0,0,0,2,0,2,0,0,0
Southern Methodist/associate/OzakCVWeb.docx,Ömer Özak,2018,Southern Methodist University,7,0,1,0,0,0,0,0,1,0,0,0,0,0,1,0,0,0,0,0,0,0,0,0
Southern Methodist/associate/cv_hdong.docx,Hao Dong,2025,Southern Methodist University,7,0,0,0,0,0,0,0,0,0,0,0,0,0,0,0,0,0,0,0,0,0,1,0
Southern Methodist/associate/cvweb-osang.docx,Thomas Osang,2001,Southern Methodist University,7,0,1,0,0,0,0,0,0,0,0,0,0,0,0,0,0,0,0,0,1,1,0,1
Southern Methodist/associate/np_cv.docx,Nathaniel Pattison,2025,Southern Methodist University,8,0,0,0,0,0,0,0,0,0,0,0,0,0,0,0,0,0,0,0,0,1,0,0
Southern Methodist/full/BALKEcvDec2025.docx,Nathan S. Balke,1993,Southern Methodist University,7,0,0,0,0,1,0,0,0,0,0,0,0,3,1,2,0,0,2,0,1,0,2,0
Southern Methodist/full/cvklaus.docx,Klaus Desmet,2005,Universidad Carlos III,7,0,2,0,0,1,1,0,1,0,0,0,0,0,3,1,1,0,0,0,0,0,0,3
Southern Methodist/full/MillimetCV.docx,Daniel L. Millimet,2004,Southern Methodist University,5,0,0,0,0,0,0,0,0,0,0,0,0,2,1,1,0,0,0,0,1,2,6,0
Southern Methodist/full/CV.docx,Bo Chen,2025,Southern Methodist University,18,0,1,0,0,0,0,0,0,0,0,0,0,0,0,0,2,0,0,1,0,0,0,0
Southern Methodist/full/tsalmon_cv.docx,Timothy C. Salmon,2006,Florida State University,7,0,0,1,0,0,0,0,0,0,0,0,0,0,1,0,0,0,0,0,0,1,0,0
Southern Methodist/full/vita.docx,Santanu Roy,1998,Florida International University,7,0,1,0,0,0,0,0,0,0,0,1,0,0,2,3,6,0,0,1,3,0,0,0
Syracuse/associate/BuzardCV.docx,Kristy Buzard,2018,Syracuse University,6,1,0,0,0,0,0,0,0,0,1,0,0,0,0,0,0,0,0,0,1,0,0,0
Syracuse/associate/CV (20).docx,Hugo B. Jales,,,,0,0,0,0,0,0,0,0,0,0,0,0,0,0,0,0,0,0,0,0,0,0,0
Syracuse/associate/CV_Deza_september2025_Accessible.docx,Monica Deza,2023,Syracuse University,11,0,1,0,0,0,0,0,0,0,0,0,0,0,0,0,0,1,0,0,0,0,1,0
Syracuse/associate/CV_Shifa.docx,Abdulaziz B. Shifa,2022,Syracuse University,9,0,0,0,0,0,0,0,0,0,0,0,0,0,1,0,0,0,0,0,0,0,0,1
Syracuse/associate/Rothenberg_CV.docx,Alexander D. Rothenberg,2024,Syracuse University,12,0,2,0,0,0,0,0,0,0,0,0,0,0,2,0,0,0,0,0,0,0,0,1
Syracuse/associate/Singleton-Perry.docx,Perry Singleton,2013,Syracuse University,6,0,0,0,0,1,0,0,0,0,0,0,0,0,0,0,0,0,0,0,0,1,0,0
Syracuse/associate/TruskinovskyCV.docx,Yulya Truskinovsky,2024,Syracuse University,8,0,0,0,0,0,0,1,0,0,0,0,0,0,0,0,0,1,0,0,0,0,0,0
Syracuse/associate/cv_Monarch.docx,Ryan Monarch,2025,Syracuse University,11,0,0,0,0,0,0,1,1,0,0,0,0,1,0,0,0,0,0,0,3,0,0,0
Syracuse/associate/cv_aron_tobias.docx,Áron Dávid Tóbiás,2023,Syracuse University,7,0,0,0,0,0,0,0,0,0,0,0,0,0,0,0,0,0,0,0,0,1,0,0
Syracuse/associate/derek-laing.docx,Derek Laing,1996,Penn State University,6,0,1,0,2,0,0,0,0,0,0,0,0,0,1,1,1,1,1,0,0,0,0,0
Syracuse/full/CV_Nov2025_Mitra.docx,Devashish Mitra,2002,"The Maxwell School of Citizenship & Public Affairs, Syracuse University",6,0,1,0,0,0,0,0,0,0,0,0,0,2,1,0,0,0,0,0,4,0,0,6
Syracuse/full/Lee-CV.docx,Yoonseok Lee,2013,Syracuse University,7,0,0,0,0,0,0,0,0,0,0,0,0,0,0,0,0,0,0,0,0,0,4,0
Syracuse/full/engelhardt-cv-and-bio-january-2025.docx,Gary V. Engelhardt,1998,Dartmouth College,5,1,0,0,0,0,0,0,0,1,0,0,0,0,0,0,0,0,0,0,0,1,0,0
Syracuse/full/horracecv.docx,William C. Horrace,2002,Syracuse University,6,0,0,0,0,0,0,0,0,0,0,0,0,1,0,0,0,0,0,0,0,0,3,0
Syracuse/full/badi-h - baltagi.docx,Badi H. Baltagi,1984,University of Houston,5,0,0,1,0,1,0,0,0,0,0,0,0,4,0,4,0,0,0,0,0,0,23,1
Tufts/associate/2025_laura_geecv.docx,Laura K. Gee,2019,Tufts University,6,1,0,0,0,0,0,1,0,0,0,0,0,0,0,0,0,1,0,0,0,1,0,0
Syracuse/full/jan-ondrich.docx,Jan Ondrich,1987,Syracuse University,4,0,0,0,0,1,0,0,0,0,0,0,0,6,0,0,0,1,0,0,0,0,0,0
Syracuse/full/jeffrey-d - kubik.docx,Jeffrey D. Kubik,2003,Syracuse University,6,0,1,0,0,0,0,0,0,0,0,0,0,0,0,0,0,0,0,2,0,3,0,0
Tufts/associate/9a2b09_b5d1fa56598441ca8acdf78b475c1d47.docx,Kyle Emerick,2020,Tufts University,6,0,2,0,0,0,0,2,0,1,0,0,0,1,0,0,0,0,0,0,0,0,0,3
Tufts/associate/CV_AFS.docx,Alan Finkelstein Shapiro,2021,Tufts University,8,0,0,0,0,0,1,0,0,0,0,0,0,0,0,0,0,0,0,0,2,1,0,3
Tufts/associate/Cicala_CV.docx,Steve Cicala,2021,Tufts University,8,0,3,0,0,0,0,1,1,0,0,0,0,0,0,0,0,0,0,0,0,1,0,0
Tufts/associate/Kinnanvita.docx,Cynthia Kinnan,2023,Tufts University,13,1,2,0,1,0,0,3,0,0,0,0,0,0,0,0,0,0,0,0,0,0,0,0
Tufts/associate/cv-drusilla-brown.docx,Drusilla K. Brown,1991,Tufts University,7,0,0,0,0,0,0,0,0,0,0,0,0,0,1,1,0,0,0,0,1,0,0,1
Tufts/associate/cv-edward-kutsoati.docx,Edward Kutsoati,2005,Tufts University,6,0,1,0,0,0,0,0,0,0,0,0,0,0,0,0,0,0,0,0,0,0,0,0
Tufts/full/Doss CV April 2024.docx,Cheryl R. Doss,2008,Yale University,12,0,0,0,0,0,0,0,0,0,0,0,0,0,0,0,0,0,0,0,0,0,0,0
Tufts/associate/cv-thomas-downes.docx,Thomas Andrews Downes,1998,Tufts University,10,0,0,0,0,0,0,0,0,0,0,0,0,0,0,0,0,0,0,1,0,0,0,0
Tufts/full/Douglas Gollin cv revised 1 November 2025.docx,Douglas Gollin,2002,Williams College,6,1,2,0,0,3,0,0,0,0,0,0,0,0,0,0,0,0,2,0,0,0,0,2
Tufts/full/MMCV_February262025.docx,Margaret Stokes McMillan,2004,Tufts University,6,0,0,0,0,0,0,0,0,0,0,0,0,2,0,0,0,0,0,0,2,0,0,4
Tufts/full/Marcelo Bianconi.docx,Marcelo Bianconi,2014,Tufts University,26,0,0,0,0,0,0,0,0,0,0,0,0,0,0,0,0,0,0,0,0,0,0,0
Tufts/full/SpolaoreCV_October2024.docx,Enrico Spolaore,2004,Tufts University,11,2,1,0,1,0,0,0,0,0,0,0,0,1,2,0,0,0,0,0,0,2,0,0
Tufts/full/Silke_Forbes_CV.docx,Silke J. Forbes,2017,Tufts University,14,0,1,0,0,0,0,0,0,0,0,1,0,0,0,0,0,0,0,1,0,1,0,0
Tufts/full/cv-jeffrey-zabel.docx,Jeffrey E. Zabel,1996,Tufts University,9,0,0,0,0,0,0,0,0,0,0,0,0,0,0,0,0,1,0,0,0,0,1,0
Tufts/full/UjjayantChakravortyAcademicCV.docx,Ujjayant Chakravorty,,,,0,1,1,0,1,0,1,0,0,0,0,1,0,0,0,0,0,0,0,0,0,0,1
Tufts/full/mcinerney_cv_9_13_2023.docx,Melissa Powell McInerney,2014,Tufts University,6,0,0,0,0,0,0,0,0,1,0,0,0,0,0,0,0,1,0,0,0,1,0,0
Tufts/full/storeygard_cv.docx,Adam Storeygard,2018,Tufts University,6,1,2,0,1,0,0,0,1,0,0,0,0,0,0,0,0,0,0,0,0,0,0,2
UC Irvine/associate/CV_Choi.docx,Michael Choi,2022,"University of California, Irvine",9,0,0,1,1,1,1,0,0,0,0,0,0,0,1,0,2,0,1,0,0,0,0,0
UC Irvine/associate/Jeliazkov.docx,Ivan Jeliazkov,2010,"University of California, Irvine",7,0,0,0,0,0,0,0,0,0,0,0,0,0,0,0,0,0,1,0,0,0,0,0
UC Irvine/associate/CV_YLee.docx,Ying-Ying Lee,2022,"University of California, Irvine",9,0,0,0,0,0,0,0,0,0,0,0,0,0,0,0,0,0,0,0,0,0,2,0
UC Irvine/associate/JiaweiChenCV.docx,Jiawei Chen,2012,"University of California, Irvine",7,0,1,0,0,0,0,0,0,0,0,0,0,0,0,0,0,0,0,1,0,0,2,0
UC Irvine/associate/vellorearthi_cv_10.20.25.docx,Vellore Arthi,2025,"University of California, Irvine",9,0,0,0,0,0,0,1,0,0,0,0,0,0,1,0,0,0,0,0,0,0,0,1
UC Irvine/associate/jenkins_cv.docx,Brian C. Jenkins,,,,0,0,0,0,0,0,0,0,0,0,0,0,0,0,0,0,0,0,0,0,0,0,0
UC Irvine/associate/cv_Antonio.docx,Antonio Rodriguez-Lopez,2015,"University of California, Irvine",8,0,0,0,1,0,0,0,0,0,0,0,0,0,0,1,0,0,1,0,1,0,0,1
UC Irvine/full/CV-Rocheteau.docx,Guillaume Rocheteau,2008,"University of California, Irvine",10,0,3,2,2,3,1,0,0,0,1,0,0,0,2,2,9,0,7,0,0,2,0,0
UC Irvine/full/CV Mazumder latest.docx,Bhashkar Mazumder,,,,0,2,0,0,1,0,2,0,2,0,0,1,1,1,0,0,1,0,0,0,4,0,0
UC Irvine/full/Branch_cv.docx,William A. Branch,2008,"University of California, Irvine",7,0,0,0,0,0,1,0,0,0,0,0,0,0,2,0,2,0,0,0,0,0,0,0
UC Irvine/full/Harding CV Sept 2025.docx,Matthew Harding,2014,Duke University,7,0,0,0,0,0,0,1,0,0,0,0,0,0,0,1,0,0,0,0,0,0,4,0
UC Irvine/full/CV_YingyingDong.docx,Yingying Dong,2013,University of California Irvine,4,0,0,0,0,0,0,0,0,0,0,0,0,2,0,0,0,0,0,0,0,0,1,0
UC Irvine/full/Freedman_CV.docx,Matthew Freedman,2013,Cornell University,6,0,1,0,0,0,0,1,0,1,0,0,0,3,1,0,0,0,0,0,0,2,0,0
UC Irvine/full/McBrideCV-2025-04-30.docx,Michael T. McBride,,,,0,0,0,0,0,0,0,0,0,0,0,0,0,0,0,1,0,0,0,0,1,0,0
UC Irvine/full/MilaniCV.docx,Fabio Milani,2011,"University of California, Irvine",5,0,0,0,0,0,0,0,0,0,0,0,0,0,1,0,0,0,1,0,0,0,0,0
UC Irvine/full/bogart_vita_jan92026.docx,Dan Bogart,2009,University of California-Irvine,6,0,0,0,0,0,0,0,0,1,0,0,0,0,2,0,0,0,0,0,0,0,0,0
UC Irvine/full/cv_Agrawal.docx,David R. Agrawal,2019,University of Kentucky,7,0,0,0,0,0,0,1,0,3,1,0,0,1,1,0,0,0,0,0,0,4,0,0
UC Irvine/full/cv_duffy.docx,John Duffy,1999,University of Pittsburgh,7,0,4,0,2,0,0,0,0,0,0,0,0,1,1,4,4,0,2,0,0,1,0,0
UC Irvine/full/cv_Neumark.docx,David Neumark,2005,"University of California, Irvine",18,2,3,0,0,2,0,0,0,1,0,0,0,5,2,1,0,5,0,0,1,5,0,1
UC Irvine/full/skaperdasvitalatest.docx,Stergios Skaperdas,1996,"University of California, Irvine",7,0,3,0,0,0,0,0,0,0,0,0,0,0,2,0,2,0,0,0,2,0,0,0
UC Irvine/full/cv_jha_feb_2025.docx,Priyaranjan Jha,2004,"University of California, Irvine",7,0,0,0,0,0,0,0,0,0,0,0,0,0,1,0,0,0,0,0,6,0,0,4
UC Irvine/full/vita_Swanson.docx,Eric T. Swanson,2014,"University of California, Irvine",16,0,5,0,0,0,2,0,2,0,0,0,0,2,0,0,0,0,4,0,2,0,0,0
UC Riverside/associate/CV_VOM.docx,Victor Ortego-Marti,2020,University of California Riverside,8,0,0,0,0,0,0,0,0,0,0,0,0,0,0,0,1,0,1,0,0,0,0,0
UC Riverside/associate/CV6_25_Bates.docx,Michael David Bates,2025,"University of California, Riverside",10,1,0,0,0,0,0,0,0,0,0,0,0,0,0,0,0,1,0,0,0,0,0,0
UC Irvine/associate/clark.cv_.feb_.2024.docx,Damon Clark,2016,"University of California, Irvine",14,0,1,0,0,2,0,1,0,1,0,0,0,1,0,0,0,0,0,0,0,1,0,0
UC Riverside/associate/Nishimura_CV.docx,Hiroki Nishimura,2021,University of California Riverside,8,0,1,0,0,0,0,0,0,0,1,0,0,0,0,0,2,0,0,0,0,0,0,0
UC Riverside/associate/D. Lee - CV.docx,,2023,"University of California, Riverside",9,0,0,0,0,0,0,0,0,0,0,0,0,0,0,0,0,0,0,0,0,0,0,0
UC Riverside/associate/Resume-Troiano-October-2022.docx,Ugo Antonio Troiano,2020,University of California,7,1,0,0,0,0,0,1,0,1,0,0,0,0,0,0,0,0,0,0,0,1,0,1
UC Riverside/associate/URMEE KHAN_CV_0523.docx,Urmee Khan,2018,"University of California, Riverside",7,0,1,0,0,0,0,0,0,0,0,0,0,0,0,0,1,0,0,0,0,0,0,0
UC Riverside/associate/cummins_cv_7-2024.docx,Joseph R. Cummins,2024,"University of California, Riverside",10,0,0,0,0,0,0,0,0,0,0,0,0,0,0,0,0,0,0,0,0,0,0,1
UC Riverside/associate/cv_Shih.docx,Kevin Shih,2023,Queens College CUNY,8,0,0,0,0,0,0,0,0,1,0,0,0,1,0,0,0,2,0,0,0,1,0,0
UC Riverside/associate/cv_Xie.docx,Yang Xie,2023,"University of California, Riverside",7,0,0,0,0,0,0,0,1,0,0,0,0,0,1,0,0,0,0,0,0,0,0,1
UC Riverside/full/Curriculum Vitae_Deolalikar.docx,Anil B. Deolalikar,1989,University of Washington,8,0,0,0,0,1,0,0,0,0,0,0,0,2,0,0,0,0,0,0,0,0,0,1
UC Riverside/full/Curriculum Vitae_Helfand.docx,Steven M. Helfand,2002,"University of California, Riverside",8,0,0,0,0,0,0,0,0,0,0,0,0,0,0,0,0,0,0,0,0,0,0,1
UC Riverside/full/Curriculum Vitae_Gao.docx,Jang-Ting Guo,2000,"University of California, Riverside",7,0,0,0,0,0,0,0,0,0,0,0,0,0,0,1,3,0,1,0,0,0,0,1
UC Riverside/full/CV_DKIM_Nov_2025.docx,Donggyu Kim,2021,Korea Advanced Institute of Science and Technology,5,0,0,0,0,0,0,0,0,0,0,0,0,0,0,0,0,0,0,0,0,0,8,0
UC Riverside/full/GloriaGonzalezRivera_CV.docx,Gloria Gonzalez-Rivera,1999,"University of California, Riverside",8,0,0,0,0,0,0,0,0,0,0,0,0,0,0,0,0,0,0,0,0,0,2,0
UC Riverside/full/cv_TaeHwy.docx,Tae-Hwy Lee,2000,"University of California, Riverside",10,0,0,0,0,0,0,0,0,0,0,0,0,1,0,0,0,0,0,0,0,0,6,0
UC Riverside/full/curriculum_vitae_Eren.docx,Ozkan Eren,2018,"University of California, Riverside",11,0,0,0,0,0,0,1,0,0,0,0,0,2,0,0,0,2,0,0,0,1,0,0
UC Riverside/full/Marcelle Chauvet - C.V.docx,Marcelle Chauvet,,,,0,0,0,0,0,0,0,0,0,0,0,0,0,0,1,0,0,0,0,0,0,2,0
UC SantaBarbara/associate/CV_Birchenall.docx,Javier A. Birchenall,2012,University of California Santa Barbara,8,0,0,0,0,0,0,0,0,0,0,0,0,0,1,0,0,0,0,0,0,1,0,1
UC Riverside/full/xiong_cv.docx,Siyang Xiong,2013,University of Bristol,4,0,0,1,1,0,0,0,0,0,4,0,0,0,0,0,6,0,0,0,0,0,0,0
UC SantaBarbara/associate/CV_Kyle_Meng.docx,Kyle C. Meng,2020,University of California at Santa Barbara,7,0,1,0,0,1,0,1,0,0,0,0,0,0,0,0,0,0,0,0,0,1,0,0
UC SantaBarbara/associate/CV_alisa.docx,Alisa Tazhitdinova,2025,"University of California, Santa Barbara",9,0,0,0,0,0,0,0,0,2,0,0,0,0,0,0,0,0,0,0,0,5,0,0
UC SantaBarbara/associate/GonzaloVazquez-Bare_cv.docx,Gonzalo Vazquez-Bare,2025,"University of California, Santa Barbara",7,0,0,0,0,0,0,0,0,0,0,0,0,0,0,0,0,0,0,0,0,0,1,0
UC SantaBarbara/associate/Martin_CV.pdf.docx,Daniel Martin,2018,"Kellogg School of Management, Northwestern University",5,0,1,0,0,1,0,0,1,0,0,1,0,1,1,0,1,0,0,0,0,0,0,0
UC SantaBarbara/associate/cv_Millner.docx,Antony Millner,2021,"University of California, Santa Barbara",11,0,1,0,0,0,0,0,0,0,0,1,0,0,0,0,1,0,0,0,0,3,0,0
UC SantaBarbara/associate/MaxFarrell_CV.docx,Max H. Farrell,2018,University of Chicago Booth School of Business,4,0,1,1,0,0,0,0,0,0,0,0,0,2,0,0,0,0,0,0,0,0,3,0
UC SantaBarbara/associate/benzarti_cv.docx,Youssef Benzarti,2022,"University of California, Santa Barbara",6,0,0,0,0,1,0,0,1,3,0,0,0,1,0,0,0,0,0,0,0,1,0,0
UC SantaBarbara/full/CVTedB21.docx,Ted Bergstrom,,,,0,5,2,2,3,0,0,0,0,0,1,0,0,0,0,2,0,0,1,0,4,0,0
UC SantaBarbara/full/CV_Hoffman.docx,Mitchell Hoffman,2020,University of Toronto,8,3,0,0,0,2,0,1,0,0,0,0,1,1,1,0,0,0,0,0,0,1,0,0
UC SantaBarbara/full/CV_Bedard.docx,Kelly Bedard,2005,"University of California, Santa Barbara",9,1,2,0,0,1,0,0,1,0,0,0,0,0,0,0,0,0,0,0,0,1,0,0
UC SantaBarbara/full/CV_qin.docx,Cheng-Zhong Qin,1996,"University of California, Santa Barbara",7,0,0,0,0,0,0,0,0,0,0,0,0,0,0,0,5,0,0,0,0,0,0,0
UC SantaBarbara/full/cv2024_Esponda.docx,Ignacio Esponda,2017,University of California at Santa Barbara,11,1,2,1,0,0,0,0,0,0,2,2,1,0,0,1,3,0,0,1,0,0,0,0
UC SantaBarbara/full/cv_november_2024_lundberg.docx,Shelly J. Lundberg,1989,University of Washington,8,1,2,0,0,1,0,0,0,0,0,0,0,2,0,1,0,4,0,0,0,1,0,0
UC SantaBarbara/full/cv_royer.docx,Heather N. Royer,2015,University of California-Santa Barbara,11,0,2,0,1,0,0,4,1,1,0,0,0,0,0,0,0,3,0,0,0,1,0,0
UC SantaBarbara/full/deschenes_current_cv.docx,Olivier Deschenes,2007,"University of California, Santa Barbara",6,0,5,0,0,1,0,1,1,0,0,0,0,2,0,0,0,0,0,0,0,0,1,1
UC SantaBarbara/full/garratt_vita_july_2025-3.docx,Rodney J. Garratt,1997,"University of California, Santa Barbara",6,0,1,2,0,2,0,0,0,0,0,0,0,0,0,1,5,0,1,0,0,0,0,0
UC SantaBarbara/full/vita_Kuhn.docx,Peter J. Kuhn,1988,University of Western Ontario,5,2,6,0,0,1,0,0,0,0,0,0,0,0,2,1,0,10,0,0,2,1,0,2
UC SantaBarbara/full/vita_startz.docx,Richard Startz,1991,University of Washington,13,2,3,1,1,0,0,0,0,0,0,0,0,3,0,1,0,1,4,0,0,1,4,0
UC SantaBarbara/full/rupert-cv.docx,Peter Rupert,,,,0,0,0,0,1,0,0,0,0,0,0,0,0,0,2,3,0,7,0,0,2,0,0
UC SantaCruz/associate/CV Natalia.docx,Natalia Lazzati,2019,"University of California, Santa Cruz",8,0,0,0,0,0,0,0,0,0,0,1,2,0,0,0,2,0,0,0,0,0,0,0
UC SantaCruz/associate/CV_Gerelt.docx,Gerelt Tserenjigmid,2025,"University of California, Santa Cruz",9,0,0,0,0,1,0,0,0,0,1,1,0,0,0,0,2,0,0,0,0,0,0,0
UC SantaCruz/associate/George_Bulman_CV.docx,George Bright Bulman,2020,"University of California, Santa Cruz",7,0,1,0,0,0,0,1,0,0,0,0,0,0,0,0,0,1,0,0,0,1,0,0
UC SantaCruz/associate/CV_Gu.docx,Weishi Grace Gu,2020,"University of California, Santa Cruz",7,0,0,0,0,0,0,0,0,0,0,0,0,1,0,1,0,0,0,0,2,0,0,0
UC SantaCruz/associate/Jeremy_West_CV.docx,Jeremy West,2024,"University of California, Santa Cruz",10,0,1,0,0,0,0,2,0,1,0,0,0,0,0,0,0,0,0,0,0,1,0,0
UC SantaCruz/associate/Li-cv.docx,Jessie Li,2024,"University of California, Santa Cruz",7,0,0,0,0,0,0,0,0,0,0,0,0,0,0,0,0,0,0,0,0,0,3,0
UC SantaCruz/associate/Vitae_Christensen.docx,Peter Christensen,2022,"University of Illinois, Urbana-Champaign",7,1,0,0,0,1,0,0,0,1,0,0,0,2,0,0,0,0,0,0,0,3,0,0
UC SantaCruz/associate/Villacorta_CV.docx,Alonso Villacorta,2025,"University of California, Santa Cruz",8,0,0,0,0,0,0,0,0,0,0,0,0,0,0,0,1,0,0,0,0,0,0,0
UC SantaCruz/associate/cv_vargas.docx,Kristian López Vargas,,,,0,0,0,0,0,0,0,0,0,0,0,0,0,0,0,0,0,0,0,0,0,0,0
UC SantaCruz/associate/hikaru_saijo_cv.docx,Hikaru Saijo,2021,"University of California, Santa Cruz",8,0,0,0,1,0,0,0,0,0,0,0,0,0,0,1,0,0,1,0,0,0,1,0
UC SantaCruz/associate/cv_shenoy.docx,Ajay Shenoy,2021,"University of California, Santa Cruz",7,0,0,0,0,0,0,0,0,0,0,0,0,2,0,0,0,0,0,0,0,2,0,4
UC SantaCruz/associate/hu_resume.docx,Chenyue Hu,,,,0,0,0,0,0,0,0,0,0,0,0,0,0,0,0,0,0,0,0,1,0,0,0
UC SantaCruz/full/CV_Spearot.docx,Alan C. Spearot,2014,"University of California, Santa Cruz",7,0,0,0,0,0,0,0,0,0,0,1,0,1,0,1,0,0,0,0,2,0,0,2
UC SantaCruz/full/CV_robinson.docx,Jonathan Robinson,2014,"University of California, Santa Cruz",7,0,5,0,0,0,0,5,0,0,0,0,0,2,2,0,0,0,0,0,0,2,0,6
UC SantaCruz/full/Dobkin_CV.docx,Carlos Dobkin,2010,"University of California, Santa Cruz",7,1,3,0,0,0,0,1,0,1,0,0,0,3,0,0,0,0,0,0,0,2,0,0
UC SantaCruz/full/cv_marion.docx,Justin G. Marion,2011,"University of California, Santa Cruz",6,0,0,0,0,1,0,0,0,2,0,0,0,1,0,0,0,0,0,0,0,4,0,0
UC SantaCruz/full/HaleCV2p.docx,Galina Borisova Hale,2020,"University of California, Santa Cruz",18,0,0,0,0,0,0,0,0,0,0,0,0,0,0,0,0,0,0,0,2,0,1,0
UC SantaCruz/full/cv_michaillat.docx,Pascal Michaillat,2019,Brown University,9,1,1,0,1,0,1,0,1,2,0,0,0,2,0,0,0,0,0,0,0,0,0,0
UC SantaCruz/full/kletzer_vitae_01-15.docx,Kenneth M. Kletzer,1988,Yale University,6,0,1,1,0,0,0,0,0,0,0,0,0,0,2,1,0,0,0,0,2,0,0,3
UC SantaCruz/full/laura_giuliano_cv_short__jan2022.docx,Laura Giuliano,2012,University of Miami,9,0,2,1,0,0,0,0,0,0,0,0,0,2,0,0,0,2,0,0,0,0,0,0
UIUC/associate/AdamOsman_CV.docx,Adam Osman,2023,University of Illinois at Urbana-Champaign,9,1,1,0,0,0,0,1,0,0,0,0,0,0,0,0,0,0,0,0,0,0,0,2
UIUC/associate/CV-Borgschulte.docx,Mark Borgschulte,2024,University of Illinois at Urbana-Champaign,10,0,0,0,0,0,0,1,0,0,0,0,0,0,0,0,0,0,0,0,0,0,0,0
UIUC/associate/Akresh_CV_20Dec2025.docx,Richard Akresh,2013,University of Illinois at Urbana-Champaign,9,0,1,0,0,0,0,0,0,0,0,0,0,0,1,0,0,0,0,0,0,0,0,1
UIUC/associate/CV_howard.docx,Greg Howard,2017,University of Illinois at Urbana-Champaign,,0,0,0,0,0,1,0,0,0,0,1,0,1,0,0,0,0,0,0,0,0,0,0
UIUC/associate/CV_euiyi.docx,EunYi Chung,2023,University of Illinois at Urbana-Champaign,,0,0,0,0,0,0,0,0,0,0,0,0,0,0,0,0,0,0,0,0,0,2,0
UIUC/associate/RussellWeinstein_CV.docx,Russell M. Weinstein,2023,University of Illinois at Urbana-Champaign,9,0,0,0,0,0,0,1,0,1,0,0,0,1,1,0,0,1,0,0,0,0,0,0
UIUC/associate/Parente CV.docx,Stephen L. Parente,2001,University of Illinois Urbana-Champaign,11,0,2,0,0,2,0,0,0,0,0,0,0,0,0,2,2,0,1,0,0,0,0,0
UIUC/full/AbbreviatedVita_2024-08-07.docx,George Deltas,2003,University of Illinois at Urbana-Champaign,7,0,0,0,1,0,0,0,0,0,0,0,0,2,1,0,0,0,0,1,0,0,0,0
UIUC/associate/cv_lemus.docx,Jorge Lemus,2021,University of Illinois at Urbana-Champaign,6,0,0,0,0,1,0,0,0,0,0,1,0,0,0,0,1,0,0,1,0,0,0,0
UIUC/associate/cv-october-2025_forsythe.docx,Eliza Forsythe,2024,University of Illinois at Urbana-Champaign,10,0,0,0,0,0,0,0,0,0,0,0,0,0,1,0,0,1,0,0,0,1,0,0
UIUC/full/AlbouyCV_full.docx,David Y. Albouy,2013,University of Illinois,6,0,1,0,0,2,0,0,0,0,0,0,0,2,0,1,0,1,0,0,0,2,0,0
UIUC/full/CV_Anil_Bera_Oct_6__2024 .docx,Anil K. Bera,1987,University of Illinois at Urbana-Champaign,4,0,0,0,1,0,0,0,0,0,0,0,0,1,0,4,0,0,0,0,0,0,5,1
UIUC/full/CV_medeiros.docx,Marcelo C. Medeiros,2008,Pontifical Catholic University of Rio de Janeiro,8,0,0,0,0,0,0,0,0,0,0,0,0,0,0,0,0,0,0,0,0,0,6,0
UIUC/full/CV_JihyungLee-1-22-2025_detailed.docx,Ji Hyung Lee,2024,University of Illinois,11,0,0,0,0,0,0,0,0,0,0,0,0,0,0,0,0,0,0,0,0,0,8,0
UIUC/full/CynthiaWu_CV.docx,Jing Cynthia Wu,2011,University of Chicago Booth School of Business,0,0,1,0,0,0,0,0,0,0,0,0,1,1,0,2,0,0,2,0,1,0,3,0
UIUC/full/Perry_CVforweb.docx,M.K. Perry,1989,Rutgers University at New Brunswick,13,1,2,0,0,0,0,0,0,0,0,0,0,0,0,0,0,0,0,3,0,0,0,0
UIUC/full/Stefan Krasa_cv.docx,,1995,University of Illinois at Urbana-Champaign,8,0,0,0,0,0,0,0,0,0,0,0,0,0,0,0,0,0,0,0,0,0,0,0
UIUC/full/bernhardt_cv.docx,Dan Bernhardt,1991,Queen's University,5,0,5,1,3,1,0,0,0,0,0,2,0,0,0,2,5,2,1,6,1,4,0,0
UIUC/full/crealCV_2024.docx,Drew Creal,2013,The University of Chicago,6,0,0,0,0,0,0,0,0,0,0,0,1,1,0,1,0,0,0,0,1,0,6,0
UNC ChapelHill/associate/CV_babii.docx,Andrii Babii,2023,University of North Carolina at Chapel Hill,6,0,0,0,0,0,0,0,0,0,0,0,0,0,0,0,0,0,0,0,0,0,3,0
UNC ChapelHill/associate/Kedagni-cv.docx,Désiré Kédagni,2025,University of North Carolina at Chapel Hill,7,0,0,0,0,0,0,0,0,0,0,0,1,0,0,0,0,0,0,0,0,0,4,0
UNC ChapelHill/associate/Rabinovich CV 2025.docx,Stanislav Rabinovich,2023,University of North Carolina - Chapel Hill,11,0,0,0,0,0,0,0,0,0,0,0,0,0,0,0,5,0,1,0,0,1,0,0
UNC ChapelHill/full/Anusha Chari CV_latest2025.docx,Anusha Chari,2008,University of North Carolina at Chapel Hill,8,0,1,0,0,0,1,0,0,0,0,0,0,0,0,0,0,0,0,0,4,0,0,0
UNC ChapelHill/associate/Valentin Verdier - CV.docx,Valentin Verdier,2022,University of North Carolina - Chapel Hill,8,0,0,0,1,0,0,0,0,0,0,0,0,1,0,0,0,0,0,0,0,0,1,0
UNC ChapelHill/associate/cv_tian.docx,Can Tian,2025,University of North Carolina at Chapel Hill,11,0,0,0,0,0,0,0,0,0,0,0,0,0,0,1,2,0,1,0,0,0,0,0
UNC ChapelHill/full/BIGLAISER CV Jun 2025.docx,Gary Biglaiser,1994,University of North Carolina-Chapel Hill,6,0,1,0,0,0,0,0,0,0,0,1,0,0,0,1,3,0,0,8,0,1,0,0
UNC ChapelHill/full/CV_Flabbi_10_2025.docx,Luca Flabbi,2017,University of North Carolina at Chapel Hill,13,0,0,0,0,1,0,0,0,0,0,0,0,0,1,2,0,1,0,0,0,0,3,0
UNC ChapelHill/full/CV-gilleskie-10-2025.docx,Donna B. Gilleskie,2001,University of North Carolina at Chapel Hill,7,0,0,1,0,0,0,0,0,0,0,0,0,2,0,2,0,0,0,0,0,0,1,0
UNC ChapelHill/full/CVYates.docx,Andrew J. Yates,,,,0,1,0,0,1,0,0,0,2,0,0,0,1,0,0,1,0,0,0,0,1,0,0
UNC ChapelHill/full/CV_Fruehwirth_UNC.docx,Jane Cooley Fruehwirth,2014,University of Cambridge,8,0,1,0,0,1,0,0,0,0,0,0,1,1,1,1,0,1,0,0,0,0,1,0
UNC ChapelHill/full/CV_LutzHendricks.docx,Lutz Hendricks,2003,Iowa State University,7,1,1,0,0,0,2,0,0,0,0,0,0,0,0,4,0,0,2,0,0,0,0,1
UNC ChapelHill/full/GhyselsVitaSep2025.docx,Eric Ghysels,,,,0,0,1,0,0,0,0,1,0,0,0,0,2,0,2,0,0,0,0,2,0,22,0
UNC ChapelHill/full/McManus-CV-July-2019.docx,Brian McManus,2012,University of North Carolina,10,0,1,0,1,0,0,1,0,1,0,1,0,0,0,2,0,0,0,1,0,1,0,0
UNC ChapelHill/full/cv_JBHILL1.docx,Jonathan B. Hill,2012,University of North Carolina-Chapel Hill,11,0,0,0,0,0,0,0,0,0,0,0,0,0,0,0,0,0,0,0,0,0,4,0
UNC ChapelHill/full/cv_fei.docx,Fei Li,2024,University of North Carolina Chapel Hill,11,0,0,0,1,0,0,0,0,0,1,3,0,0,0,2,4,0,0,2,0,0,0,0
UNC ChapelHill/full/jonathan_williams_cv.docx,Jonathan W. Williams,2017,University of North Carolina – Chapel Hill,8,0,0,1,1,0,0,0,0,0,0,0,0,2,0,0,0,0,0,1,0,0,0,0
UNC ChapelHill/full/vita-Neville-08-2021.docx,Neville Francis,2010,"University of North Carolina, Chapel Hill",9,0,0,0,0,0,1,0,0,0,0,0,0,1,0,0,0,0,1,0,0,0,0,0
UNC ChapelHill/full/cv_hansen.docx,Peter Reinhard Hansen,2011,European University Institute,11,0,0,4,0,0,0,0,0,0,0,0,0,1,0,0,0,0,0,0,0,0,5,0
USC/associate/vita_Bassi.docx,Vittorio Bassi,,,,0,0,2,0,0,0,1,0,0,0,0,0,0,1,0,0,0,0,0,0,0,0,0
USC/associate/CV_nikzad.docx,Afshin Nikzad,,,,0,0,0,3,0,0,0,0,0,2,0,0,0,0,0,1,0,0,0,0,0,0,0
USC/full/CV Kurlat 2025.docx,Pablo Kurlat,2019,University of Southern California,9,0,2,1,1,0,1,0,0,0,0,0,0,0,0,0,1,0,2,0,0,0,0,0
USC/full/CVOliva.docx,Paulina Oliva,2016,"University of California, Irvine",7,0,0,0,0,1,0,0,0,0,0,0,0,1,1,0,0,0,0,0,0,1,0,1
USC/full/CV_moon.docx,Hyungsik Roger Moon,2004,University of Southern California,6,0,0,5,0,0,0,0,0,0,0,0,2,1,0,0,0,0,0,0,0,0,11,0
USC/full/Guofu Tan-CV-CRA-0326-2017.docx,Guofu Tan,1996,University of British Columbia,6,0,2,2,2,0,0,0,0,0,3,0,0,0,0,2,3,0,0,2,0,0,0,1
USC/full/Matthew E. Kahn Vita.docx,Matthew E. Kahn,2000,Tufts University,7,2,3,0,0,0,0,2,1,2,0,0,0,1,0,0,0,1,0,1,0,3,0,0
USC/full/Magill_CV_01_2017.docx,Michael Magill,1976,Indiana University,6,0,0,4,0,0,0,0,0,0,0,0,0,0,0,3,4,0,0,0,0,0,0,0
USC/full/cv_armstrong.docx,Timothy B. Armstrong,2018,Yale University,6,0,0,4,1,0,0,0,0,0,0,0,4,0,0,0,0,0,0,0,0,0,4,0
USC/full/cv_carrillo.docx,Juan D. Carrillo,2003,University of Southern California,7,0,1,0,2,1,0,0,0,0,0,1,1,0,2,0,3,0,0,1,0,1,0,0
USC/full/cv_lambert.docx,Nicolas S. Lambert,2022,University of Southern California,12,0,0,3,1,1,0,0,0,0,0,1,0,0,0,0,1,0,0,0,0,0,0,0
USC/full/strauss.docx,John Strauss,1987,Yale University,6,0,1,0,0,1,0,1,0,0,0,0,0,0,0,0,0,0,0,0,0,1,1,9
USC/full/romainranciere.docx,Romain Rancière,2009,Paris School of Economics,6,1,1,0,0,0,2,0,0,0,0,0,0,1,1,1,0,0,1,0,3,0,0,1
USC/full/vita_Betts.docx,Caroline Marie Betts,2000,University of Southern California,6,0,0,0,0,0,0,0,0,0,0,0,0,0,0,1,1,0,1,0,1,0,0,0
USC/full/vita_Brocas.docx,Isabelle Brocas,,,,0,3,0,2,1,0,0,0,0,0,0,1,0,0,0,2,0,0,2,0,1,0,0
USC/full/vita_chaney.docx,Thomas Chaney,2012,Toulouse School of Economics,7,1,4,0,1,1,0,0,0,0,0,0,0,0,0,0,0,0,0,0,2,0,0,0
USC/full/vita_dekle.docx,Robert Dekle,2000,University of Southern California,12,0,1,0,0,0,0,0,0,0,0,0,0,1,0,0,0,0,0,0,1,0,0,0
USC/full/vita_Hsiao.docx,Cheng Hsiao,1985,University of Southern California,13,0,0,3,2,0,0,0,0,0,0,0,0,0,0,6,0,0,1,0,0,0,23,0
USC/full/vita_ridder.docx,Geert Ridder,1987,University of Groningen,0,0,1,5,2,0,0,1,1,0,0,0,1,1,1,1,0,1,0,0,0,1,8,0
USC/full/vita_giorgio.docx,Giorgio Coricelli,2013,University of Southern California,11,0,0,0,0,0,0,0,0,0,0,1,0,0,0,0,0,0,0,0,0,0,0,0
Vanderbilt/associate/BeachCV.docx,Brian Beach,2023,Vanderbilt University,8,0,0,0,1,1,0,1,0,2,0,0,0,0,1,0,0,0,0,0,0,0,0,0
Vanderbilt/associate/CVwebcopy_mar25.docx,Analisa Packham,2024,Vanderbilt University,8,0,0,0,0,0,0,0,0,2,0,0,0,1,0,0,0,0,0,0,0,3,0,0
Vanderbilt/associate/MoroCV.docx,Andrea Moro,2008,Vanderbilt University,10,0,1,0,0,0,0,0,0,0,0,0,0,0,1,1,1,0,0,0,0,2,1,0
Vanderbilt/associate/RodrigueCVweb.docx,Joel Rodrigue,2017,Vanderbilt University,9,0,0,0,0,0,0,0,0,0,0,0,0,2,0,2,0,0,0,0,2,0,0,1
Vanderbilt/associate/marcus_michelle_cv2024aug-1.docx,Michelle Marcus,2024,Vanderbilt University,7,0,0,0,0,0,0,1,0,0,0,0,0,1,0,0,0,0,0,0,0,0,0,0
Vanderbilt/full/Bond cv 1 25.docx,Eric W. Bond,,,,0,4,0,1,2,0,0,0,0,0,2,0,3,2,3,3,0,0,2,9,3,0,1
Vanderbilt/full/CV_June_2023.docx,William J. Collins,2004,Vanderbilt University,6,0,1,0,0,0,1,4,0,0,0,0,0,0,0,0,0,0,0,0,0,0,0,0
Vanderbilt/full/Christopher-S-Carpenter-cv-2024-08-11.docx,Christopher Carpenter,2013,Vanderbilt University,11,0,1,0,0,0,0,1,0,3,0,0,0,2,0,0,0,0,0,0,0,0,0,0
Vanderbilt/full/J-P-Conley-CV-2024-04-23.docx,John P. Conley,,,,0,0,0,0,1,0,0,0,0,0,0,0,0,0,0,3,0,0,0,0,2,0,1
Vanderbilt/full/HuffmanCV.docx,Gregory W. Huffman,1989,University of Western Ontario,6,0,1,0,0,1,0,0,0,0,0,0,0,0,0,3,1,0,4,0,0,0,0,0
Vanderbilt/full/Kevin-Huang_CV_2023-3.docx,Kevin X.D. Huang,2006,Vanderbilt University,8,0,1,0,0,0,0,0,0,0,0,0,0,0,1,1,1,0,4,0,2,0,0,0
Vanderbilt/full/RousseauCV.docx,Peter L. Rousseau,2002,Vanderbilt University,7,0,3,0,0,1,0,0,1,0,0,0,0,1,0,0,0,0,2,0,0,0,0,1
Vanderbilt/full/SaggiKCV-1.docx,Kamal Saggi,2001,Southern Methodist University,6,0,0,0,0,0,0,1,0,0,0,2,0,0,2,3,0,0,0,0,10,0,0,5
Vanderbilt/full/SasakiCV.docx,Yuya Sasaki,2017,Vanderbilt University,5,0,0,0,0,0,0,0,0,0,0,0,2,1,0,1,0,0,0,0,0,0,14,0
Vanderbilt/full/cv-25-07.docx,Myrna Wooders,1981,University of Toronto,,0,0,3,0,0,0,0,0,0,0,0,0,0,0,1,8,0,0,1,0,2,0,0
Vanderbilt/full/Viscusi_CV_biblio_021725.docx,W. Kip Viscusi,1979,Northwestern University,4,1,6,1,0,2,0,0,0,0,0,0,0,6,1,3,0,1,0,2,0,1,0,0
Vanderbilt/full/cv.docx,Atsushi Inoue,,,,0,0,1,0,0,0,0,0,0,0,0,3,2,0,1,0,0,1,0,1,0,18,0
Vanderbilt/full/cv_2024_03_polborn.docx,Mattias K. Polborn,2007,"University of Illinois, Urbana-Champaign",9,1,1,0,3,0,0,0,0,0,0,0,0,0,1,0,2,0,0,0,0,5,0,0
Vanderbilt/full/vita0425.docx,Tong Li,2003,Indiana University,6,0,0,1,1,0,0,0,0,0,0,2,1,1,0,1,0,0,0,2,0,0,14,0
Virginia/associate/2023-CV-Nekipelov.docx,Denis Nekipelov,2014,University of Virginia,6,0,1,0,0,0,0,0,0,0,0,0,3,0,0,1,0,0,0,0,0,0,2,0
Virginia/associate/CV_Farmer.docx,Leland Edward Farmer,2024,University of Virginia,7,0,0,0,0,1,0,0,0,0,0,0,2,0,0,0,0,0,0,0,0,0,0,0
Virginia/associate/Carter-Doyle_CV_Aug2020.docx,Carter Arnold Doyle,,,,0,0,0,0,0,0,0,0,0,0,0,0,0,0,0,0,0,0,0,0,0,0,0
Virginia/associate/MacKay CV.docx,Alexander J. MacKay,2024,University of Virginia,8,0,0,0,1,1,0,1,0,0,0,3,0,0,0,0,0,0,0,0,0,0,0,0
Virginia/associate/Troyan_CV.docx,Peter G. Troyan,2020,University of Virginia,6,0,0,1,0,0,0,0,0,0,2,0,0,0,0,1,2,0,0,0,0,0,0,0
Virginia/associate/cv_colmer.docx,Jonathan Colmer,2024,University of Virginia,8,0,0,0,1,0,0,2,0,0,0,0,0,0,0,0,0,0,0,0,0,0,0,0
Virginia/full/Curriculum-Vitae-Elzinga.docx,Kenneth G. Elzinga,1971,University of Virginia,4,0,2,0,0,0,0,0,0,0,0,0,0,1,0,0,0,0,0,0,0,0,0,0
Virginia/full/CV_Sekhri.docx,Sheetal Sekhri,2015,University of Virginia,7,0,0,0,0,0,0,3,0,0,0,0,0,0,0,0,0,0,0,0,0,0,0,3
Virginia/full/CV-Korinek.docx,Anton Korinek,2018,University of Virginia,11,0,3,0,2,0,0,0,0,0,0,0,0,0,0,0,0,0,2,0,3,1,1,0
Virginia/full/Eric-Leeper_CV_Jul-2018.docx,Eric M. Leeper,1999,Indiana University,10,0,3,1,0,1,0,0,0,1,0,0,0,0,1,0,0,0,6,0,0,1,1,0
Virginia/full/Fostel_CV_01_2023.docx,Ana Fostel,2012,George Washington University,7,0,1,1,0,0,2,0,0,0,0,0,0,0,0,0,2,0,0,0,0,0,0,1
Virginia/full/Friedberg L CV 2022-02.docx,Leora Friedberg,2007,University of Virginia,11,0,1,0,0,0,0,0,0,0,0,0,0,1,0,1,0,0,0,0,0,1,0,0
Virginia/full/HarriganCV.docx,James Harrigan,2008,University of Virginia,17,0,2,0,0,0,0,0,0,0,0,1,0,3,0,0,0,0,0,0,7,0,0,0
Virginia/full/John-Mclaren_CV_2017.docx,John McLaren,1998,Columbia University,6,1,2,0,1,0,0,0,1,0,0,1,0,1,2,0,0,0,0,0,5,1,0,0
Virginia/full/Lee Coppock CV February 2025.docx,Lee A. Coppock,2009,University of Virginia,15,0,0,0,0,0,0,0,0,0,0,0,0,0,0,0,0,0,0,0,0,0,0,0
Virginia/full/Lockwood_CV.docx,Lee M. Lockwood,2020,University of Virginia,10,0,3,1,0,0,0,0,0,0,0,0,0,0,0,0,0,0,0,0,0,0,0,0
Virginia/full/Maxim-Engers_CV_2023.docx,Maxim Peter Engers,2001,University of Virginia,17,0,2,3,0,2,0,0,0,0,0,0,0,0,0,3,0,0,0,0,0,0,0,0
Virginia/full/Simon_Anderson_CV_2024.docx,Simon Peter Anderson,1992,University of Virginia,7,0,1,1,2,1,0,0,1,0,0,2,0,0,2,6,5,0,0,6,1,3,0,0
Virginia/full/Turner-CV-2023.docx,Sarah E. Turner,2008,University of Virginia,10,0,2,0,0,0,0,1,0,2,0,0,0,0,0,0,0,1,0,0,0,3,1,0
Virginia/full/ciliberto2025.docx,Federico Ciliberto,2011,University of Virginia,10,0,0,1,1,1,0,0,0,0,0,0,0,0,0,1,0,0,0,2,1,0,0,0
Virginia/full/cosar_cv.docx,A. Kerem Coşar,2016,University of Virginia,6,1,1,0,0,0,0,0,0,0,0,1,0,1,0,0,0,0,0,0,2,0,0,1
Virginia/full/holtvita_2025_december.docx,Charles A. Holt,1989,University of Virginia,12,0,9,0,0,3,0,0,1,0,0,3,0,0,1,1,1,0,0,2,0,1,0,0
Virginia/full/miller_cv_sept2025.docx,Amalia Rebecca Miller,2010,University of Virginia,6,0,0,0,1,1,0,2,0,0,0,0,0,2,0,1,0,1,0,0,0,0,0,0
Virginia/full/cv_wincoop.docx,Eric van Wincoop,1996,Boston University,7,0,6,0,1,0,2,0,1,0,0,0,0,1,0,1,0,0,6,0,16,0,0,0
Virginia/full/sandipcv.docx,Sandip Sukhtankar,2016,University of Virginia,7,0,2,1,0,0,0,2,0,1,0,0,0,1,0,0,0,0,0,0,0,1,0,1
Virginia/full/vita_young.docx,Eric R. Young,,,,0,0,1,1,0,3,0,1,0,1,0,0,0,1,1,2,0,7,0,2,0,0,0
Virginia Tech/associate/CV_Adam_Dominiak_November_2021.docx,Adam Dominiak,2017,Virginia Tech,6,0,0,0,0,0,0,0,0,0,0,0,0,0,0,0,1,0,0,0,0,0,0,0
Virginia Tech/associate/Cothren_2018_CV.docx,Richard Cothren,1990,Virginia Polytechnic Institute and State University,9,1,1,0,0,1,0,0,0,0,0,0,0,0,0,0,0,0,1,0,0,0,0,0
Virginia Tech/associate/tsang_cv_short.docx,Kwok Ping Tsang,2014,Virginia Tech,6,0,0,0,0,0,0,0,0,0,0,0,0,1,0,0,0,0,0,0,0,0,0,0
Virginia Tech/associate/cv.docx,Alec Smith,2023,Virginia Tech,14,0,0,0,0,0,0,0,0,0,0,1,0,0,0,0,0,0,0,0,0,0,0,0
Virginia Tech/associate/Lin_vita.docx,Xu Lin,2009,Wayne State University,,0,0,0,0,0,0,0,0,0,0,0,0,1,0,0,0,1,0,0,0,0,1,0
Virginia Tech/full/Ball_2018_CV.docx,Sheryl B. Ball,1999,Virginia Polytechnic Institute and State University,8,1,1,0,0,0,0,0,0,0,0,0,0,0,0,0,0,0,0,0,0,1,0,0
Virginia Tech/full/CV_Bahel2019Webpage.docx,Éric Akcel Bahel,2015,Virginia Tech,6,0,1,0,0,0,0,0,0,0,0,0,0,0,0,0,1,0,0,0,0,0,0,0
Virginia Tech/full/Haller_2021_CV.docx,Hans Haller,,,,0,0,2,1,0,0,0,0,0,0,0,0,0,0,3,7,0,0,0,0,0,0,0
Virginia Tech/full/Salehi-Isfahani_cv_short.docx,Djavad Salehi-Isfahani,1989,Virginia Polytechnic Institute and State University,12,0,0,0,0,0,0,0,0,0,0,0,0,0,0,0,0,0,0,0,0,0,0,1
Virginia Tech/full/Sarangi CV 2022.docx,Sudipta Sarangi,2002,Louisiana State University,,0,0,0,0,0,0,0,0,0,0,0,0,2,0,0,3,0,0,0,0,0,0,1
Virginia Tech/full/Spanos_2018_CV.docx,Aris Spanos,1988,Virginia Tech,6,0,0,0,0,0,0,0,0,0,0,0,0,0,3,0,0,0,0,0,0,0,4,0
Virginia Tech/full/ashley_cv_March_19_2025.docx,Richard A. Ashley,1985,Virginia Polytechnic Institute and State University,9,0,1,1,0,0,0,0,0,0,0,0,0,0,0,2,0,0,0,0,0,0,0,0
Virginia Tech/full/ge_cv.docx,Suqin Ge,2013,Virginia Tech,7,0,0,0,0,0,0,0,1,0,0,0,0,0,0,0,0,2,0,0,0,0,0,0
WUSTL/associate/Babus-CV.docx,Ana Babus,2023,Washington University in St. Louis,15,0,0,1,0,0,0,0,0,0,0,0,0,0,0,0,1,0,1,1,0,0,0,0
WUSTL/associate/CV.docx,David A. Rivers,2018,University of Western Ontario,8,0,0,0,0,2,0,0,0,0,0,0,0,0,1,0,0,0,0,0,0,0,1,0
WUSTL/full/CV-PingWang-Dec2025.docx,Ping Wang,1994,Penn State University,7,0,2,0,1,0,1,0,0,1,0,0,1,2,0,5,4,1,4,0,0,0,0,3
WUSTL/associate/SangMok_cv.docx,SangMok Lee,2023,Washington University in St. Louis,11,0,0,2,2,1,0,0,0,0,1,0,0,0,0,0,2,0,0,1,0,0,0,0
WUSTL/full/CV.docx,Steven M. Fazzari,1989,Washington University,7,1,1,0,0,0,0,0,0,0,0,0,0,3,0,0,0,0,0,1,0,1,0,0
WUSTL/full/CVGolan10_2022.docx,Limor Golan,2009,Carnegie Mellon University,7,0,0,1,1,0,0,0,0,0,0,0,1,0,0,1,0,3,1,0,0,0,0,0
WUSTL/full/ISMAEL_MOURIFIE_CV-2024.docx,Ismael Y. Mourifié,2021,University of Toronto,7,0,0,0,0,1,0,0,0,0,1,0,1,1,0,0,0,1,0,0,0,0,2,0
WUSTL/full/CV_Gaetano Antinolfi.docx,Gaetano Antinolfi,2004,Washington University in Saint Louis,7,0,0,0,0,0,0,0,0,0,0,0,0,0,0,0,3,0,2,0,0,0,0,0
WUSTL/full/Weinstein_CV_Sep_2019.docx,Jonathan Weinstein,2013,Washington University in St. Louis,8,0,0,2,1,0,0,0,0,0,2,0,0,0,0,0,1,0,0,0,0,0,0,0
